ORF	ProteinID	LocusTag
cds21	WP_016736932.1	RPHASCH2410_PA00110
cds22	WP_016736931.1	RPHASCH2410_PA00115
cds23	WP_016736930.1	RPHASCH2410_PA00120
cds24	WP_016736929.1	RPHASCH2410_PA00125
cds41	WP_016736911.1	RPHASCH2410_PA00215
cds59	WP_016736894.1	RPHASCH2410_PA00305
cds60	WP_016736893.1	RPHASCH2410_PA00310
cds118	WP_029532041.1	RPHASCH2410_PA00600
cds122	WP_016736836.1	RPHASCH2410_PA00620
cds123	WP_016736835.1	RPHASCH2410_PA00625
cds150	WP_029532030.1	RPHASCH2410_PA00765
cds151	WP_016736811.1	RPHASCH2410_PA00770
cds152	WP_004677491.1	RPHASCH2410_PA00775
cds153	WP_029532026.1	RPHASCH2410_PA00780
cds159	WP_004674652.1	RPHASCH2410_PA00810
cds209	WP_010016978.1	RPHASCH2410_PA01045
cds210	WP_016737081.1	RPHASCH2410_PA01050
cds211	WP_016737080.1	RPHASCH2410_PA01055
cds212	WP_016737079.1	RPHASCH2410_PA01060
cds229	WP_004674667.1	RPHASCH2410_PA01140
cds232	WP_016737066.1	RPHASCH2410_PA01150
cds247	WP_016737051.1	RPHASCH2410_PA01225
cds250	WP_016737048.1	RPHASCH2410_PA01240
cds253	WP_016737045.1	RPHASCH2410_PA01255
cds254	WP_016737044.1	RPHASCH2410_PA01260
cds255	WP_016737043.1	RPHASCH2410_PA01265
cds257	WP_016737041.1	RPHASCH2410_PA01275
cds278	WP_016737023.1	RPHASCH2410_PA01385
cds279	WP_004670822.1	RPHASCH2410_PA01390
cds280	WP_029532110.1	RPHASCH2410_PA01395
cds302	WP_016737000.1	RPHASCH2410_PA01505
cds325	WP_016736977.1	RPHASCH2410_PA01620
cds326	WP_004670929.1	RPHASCH2410_PA01625
cds353	WP_016736659.1	RPHASCH2410_PB00015
cds372	WP_012490604.1	RPHASCH2410_PB00100
cds380	WP_004678031.1	RPHASCH2410_PB00140
cds381	WP_016736680.1	RPHASCH2410_PB00145
cds397	WP_029531975.1	RPHASCH2410_PB00225
cds409	WP_016736701.1	RPHASCH2410_PB00285
cds410	WP_016736702.1	RPHASCH2410_PB00290
cds425	WP_016736713.1	RPHASCH2410_PB00365
cds428	WP_012490656.1	RPHASCH2410_PB00380
cds430	WP_029531978.1	RPHASCH2410_PB00390
cds434	WP_029531980.1	RPHASCH2410_PB00410
cds440	WP_016736721.1	RPHASCH2410_PB00440
cds463	WP_039752254.1	RPHASCH2410_PB00555
cds464	WP_016736741.1	RPHASCH2410_PB00560
cds465	WP_004669789.1	RPHASCH2410_PB00565
cds468	WP_016736744.1	RPHASCH2410_PB00580
cds471	WP_029531995.1	RPHASCH2410_RS21785
cds472	WP_016736747.1	RPHASCH2410_PB00600
cds473	WP_016736748.1	RPHASCH2410_PB00605
cds474	WP_046977157.1	RPHASCH2410_PB00610
cds476	WP_016736751.1	
cds477	WP_012490702.1	RPHASCH2410_PB00620
cds478	WP_012490703.1	RPHASCH2410_PB00625
cds507	WP_012490730.1	RPHASCH2410_PB00770
cds508	WP_016736774.1	RPHASCH2410_PB00775
cds509	WP_016736775.1	RPHASCH2410_PB00780
cds521	WP_016736787.1	RPHASCH2410_PB00840
cds522	WP_016736788.1	RPHASCH2410_RS22040
cds566	WP_029531919.1	RPHASCH2410_PB01065
cds569	WP_016736513.1	RPHASCH2410_PB01080
cds570	WP_016736514.1	RPHASCH2410_PB01085
cds571	WP_016736515.1	RPHASCH2410_PB01090
cds618	WP_016736554.1	RPHASCH2410_PB01315
cds619	WP_016736555.1	RPHASCH2410_PB01320
cds620	WP_029531939.1	RPHASCH2410_PB01325
cds621	WP_016736556.1	RPHASCH2410_PB01330
cds622	WP_016736557.1	RPHASCH2410_PB01335
cds623	WP_012490471.1	RPHASCH2410_PB01340
cds624	WP_080956176.1	RPHASCH2410_PB01345
cds625	WP_012490473.1	RPHASCH2410_PB01350
cds626	WP_016736558.1	RPHASCH2410_PB01355
cds627	WP_004674851.1	RPHASCH2410_PB01360
cds628	WP_012490476.1	RPHASCH2410_PB01365
cds629	WP_016736559.1	RPHASCH2410_PB01370
cds638	WP_016736567.1	RPHASCH2410_PB01415
cds688	WP_010014881.1	RPHASCH2410_PB01660
cds689	WP_016736613.1	RPHASCH2410_PB01665
cds690	WP_016736614.1	RPHASCH2410_PB01670
cds691	WP_016736615.1	RPHASCH2410_PB01675
cds724	WP_016736641.1	RPHASCH2410_PB01840
cds785	WP_004671987.1	RPHASCH2410_PC00210
cds820	WP_016737490.1	RPHASCH2410_PC00390
cds821	WP_011053454.1	RPHASCH2410_PC00395
cds827	WP_010022281.1	RPHASCH2410_PC00430	
cds831	WP_010024000.1	RPHASCH2410_PC00450
cds832	gbkey=CDS	RPHASCH2410_PC00455
cds833	WP_011053463.1	RPHASCH2410_PC00460
cds834	WP_011053464.1	RPHASCH2410_PC00465
cds835	WP_011053465.1	RPHASCH2410_PC00470
cds836	WP_011053466.1	RPHASCH2410_PC00475
cds838	WP_010025697.1	RPHASCH2410_PC00485
cds872	WP_004679687.1	RPHASCH2410_PC00625
cds886	WP_004677759.1	RPHASCH2410_PC00700
cds953	WP_077991546.1	RPHASCH2410_PC01030
cds962	gbkey=CDS	
cds998	gbkey=CDS	RPHASCH2410_PC01195
cds1006	WP_077991535.1	RPHASCH2410_PC01240
cds1007	WP_016737410.1	
cds1008	gbkey=CDS	
cds1013	WP_008534237.1	RPHASCH2410_PC01265
cds1014	WP_046977176.1	RPHASCH2410_PC01270
cds1015	WP_046977177.1	RPHASCH2410_PC01275
cds1016	WP_046977178.1	RPHASCH2410_PC01280
cds1017	WP_046977179.1	RPHASCH2410_PC01285
cds1018	WP_046977180.1	RPHASCH2410_RS24310
cds1028	WP_009995183.1	RPHASCH2410_PC01335
cds1032	WP_010031884.1	RPHASCH2410_PC01355
cds1045	WP_011053340.1	RPHASCH2410_PC01440
cds1064	WP_016737424.1	RPHASCH2410_PC01530
cds1076	WP_004671535.1	RPHASCH2410_PC01590
cds1077	WP_008534378.1	RPHASCH2410_PC01595
cds1078	WP_008534380.1	RPHASCH2410_PC01600
cds1088	WP_016737437.1	RPHASCH2410_PC01650
cds1089	WP_039752580.1	RPHASCH2410_PC01655
cds1115	WP_016737454.1	RPHASCH2410_PC01785
cds1116	WP_039752605.1	RPHASCH2410_PC01790
cds1196	WP_016735368.1	RPHASCH2410_PD00015
cds1210	WP_016735379.1	RPHASCH2410_PD00100
cds1211	WP_016735380.1	RPHASCH2410_PD00105
cds1212	WP_029531719.1	RPHASCH2410_PD00110
cds1241	WP_029531726.1	RPHASCH2410_PD00260
cds1243	WP_016735411.1	RPHASCH2410_PD00270
cds1244	WP_016735412.1	RPHASCH2410_PD00275
cds1245	WP_016735413.1	RPHASCH2410_PD00280
cds1317	WP_029531734.1	RPHASCH2410_PD00630
cds1347	WP_016735504.1	RPHASCH2410_PD00780
cds1369	WP_016735525.1	RPHASCH2410_PD00880
cds1370	WP_016735526.1	RPHASCH2410_PD00885
cds1390	WP_029531741.1	RPHASCH2410_PD00990
cds1391	WP_016735545.1	RPHASCH2410_PD00995
cds1404	WP_016735553.1	RPHASCH2410_PD01060
cds1423	WP_016735565.1	RPHASCH2410_PD01155
cds1424	WP_016735566.1	RPHASCH2410_PD01160
cds1425	gbkey=CDS	RPHASCH2410_PD01165
cds1444	WP_016735584.1	RPHASCH2410_PD01265
cds1445	WP_016735585.1	RPHASCH2410_PD01270
cds1461	WP_016735600.1	RPHASCH2410_PD01355
cds1462	WP_016735601.1	RPHASCH2410_PD01360
cds1465	WP_052766881.1	RPHASCH2410_PD01375
cds1480	WP_016735617.1	RPHASCH2410_PD01455
cds1554	WP_029531769.1	RPHASCH2410_PD01825
cds1555	WP_016735681.1	RPHASCH2410_PD01830
cds1558	WP_016735684.1	RPHASCH2410_PD01845
cds1565	WP_016735690.1	RPHASCH2410_PD01880
cds1566	WP_004673596.1	RPHASCH2410_PD01885
cds1567	WP_016735691.1	RPHASCH2410_PD01890
cds1568	WP_016735692.1	RPHASCH2410_PD01895
cds1569	WP_039751813.1	RPHASCH2410_PD01900
cds1570	WP_016735694.1	RPHASCH2410_PD01905
cds1577	WP_016735699.1	RPHASCH2410_PD01935
cds1578	WP_016735700.1	RPHASCH2410_PD01940
cds1579	WP_029531771.1	RPHASCH2410_PD01945
cds1580	WP_016735702.1	RPHASCH2410_PD01950
cds1603	WP_016735725.1	RPHASCH2410_PD02065
cds1607	end_range=414906,.	
cds1658	WP_016735773.1	RPHASCH2410_PD02335
cds1659	WP_016735774.1	RPHASCH2410_PD02340
cds1660	WP_016735775.1	RPHASCH2410_PD02345
cds1661	WP_016735776.1	RPHASCH2410_PD02350
cds1663	WP_012489932.1	RPHASCH2410_PD02360
cds1664	WP_016735778.1	RPHASCH2410_PD02365
cds1665	WP_016735779.1	RPHASCH2410_PD02370
cds1718	WP_016735829.1	RPHASCH2410_PD02640
cds1719	WP_016735830.1	RPHASCH2410_PD02645
cds1720	WP_016735831.1	RPHASCH2410_PD02650
cds1721	WP_029531790.1	RPHASCH2410_PD02655
cds1722	WP_029531791.1	RPHASCH2410_PD02660
cds1731	WP_016735843.1	RPHASCH2410_PD02705
cds1733	WP_016735844.1	RPHASCH2410_PD02715
cds1740	WP_004677397.1	RPHASCH2410_PD02750
cds1743	WP_004677391.1	RPHASCH2410_PD02765
cds1749	WP_016735856.1	RPHASCH2410_PD02795
cds1750	WP_016735857.1	RPHASCH2410_PD02800
cds1751	WP_016735858.1	RPHASCH2410_PD02805
cds1752	WP_016735859.1	RPHASCH2410_PD02810
cds1753	WP_016735860.1	RPHASCH2410_PD02815
cds1754	WP_016735861.1	RPHASCH2410_PD02820
cds1794	WP_016735897.1	RPHASCH2410_PD03015
cds1822	WP_012490080.1	RPHASCH2410_PD03155
cds1823	WP_012490081.1	RPHASCH2410_PD03160
cds1829	WP_016735926.1	RPHASCH2410_PD03190
cds1840	gbkey=CDS	RPHASCH2410_PD03245
cds1856	WP_016735951.1	RPHASCH2410_PD03325
cds1890	WP_016735983.1	RPHASCH2410_PD03495
cds1891	WP_010020762.1	RPHASCH2410_PD03500
cds1892	WP_016735984.1	RPHASCH2410_PD03505
cds1923	WP_016736009.1	RPHASCH2410_PD03655
cds1924	WP_004669259.1	RPHASCH2410_PD03660
cds1925	WP_016736010.1	RPHASCH2410_PD03665
cds1934	WP_016736015.1	RPHASCH2410_PD03710
cds1980	WP_010004393.1	RPHASCH2410_PD03935
cds1981	WP_016736056.1	RPHASCH2410_PD03940
cds1987	gbkey=CDS	RPHASCH2410_PD03980
cds2021	gbkey=CDS	
cds2029	end_range=859902,.	
cds2032	end_range=861851,.	RPHASCH2410_PD04195
cds2033	WP_029531829.1	RPHASCH2410_PD04200
cds2034	WP_011428437.1	RPHASCH2410_PD04205
cds2036	WP_016736098.1	RPHASCH2410_PD04215
cds2037	WP_080956208.1	RPHASCH2410_PD04220
cds2055	WP_016736110.1	RPHASCH2410_PD04320
cds2061	WP_016737599.1	RPHASCH2410_PD04350
cds2086	WP_080956210.1	RPHASCH2410_PD04470
cds2107	WP_016736157.1	RPHASCH2410_PD04575
cds2108	WP_016736158.1	RPHASCH2410_PD04580
cds2109	WP_016736159.1	RPHASCH2410_PD04585
cds2110	WP_016736160.1	RPHASCH2410_PD04590
cds2195	WP_080956220.1	RPHASCH2410_PD04995
cds2204	WP_016735300.1	RPHASCH2410_PD05040
cds2205	WP_016735301.1	RPHASCH2410_PD05045
cds2206	WP_016735302.1	RPHASCH2410_PD05050
cds2207	WP_016735303.1	RPHASCH2410_PD05055
cds2209	WP_029531706.1	RPHASCH2410_PD05065
cds2210	WP_016735306.1	RPHASCH2410_PD05070
cds2241	WP_016735333.1	RPHASCH2410_PD05225
cds2242	WP_029531708.1	RPHASCH2410_PD05230
cds2243	WP_029531709.1	RPHASCH2410_PD05235
cds2244	WP_016735336.1	RPHASCH2410_PD05240
cds2245	WP_004678734.1	RPHASCH2410_PD05245
cds2246	WP_004678736.1	RPHASCH2410_PD05250
cds2249	WP_004678740.1	RPHASCH2410_PD05265
cds2264	WP_016735349.1	RPHASCH2410_PD05335
cds2265	WP_029531713.1	RPHASCH2410_PD05340
cds2266	WP_016735351.1	RPHASCH2410_PD05345
cds2267	WP_016735352.1	RPHASCH2410_PD05350
cds2278	WP_080956221.1	RPHASCH2410_PD05400
cds2365	WP_016734081.1	RPHASCH2410_CH00410
cds2366	WP_016734080.1	RPHASCH2410_CH00415
cds2373	WP_016734077.1	RPHASCH2410_CH00460
cds2390	WP_009998001.1	RPHASCH2410_CH00545
cds2391	WP_008521951.1	RPHASCH2410_CH00550
cds2423	WP_008521906.1	RPHASCH2410_CH00735
cds2427	WP_004680054.1	RPHASCH2410_CH00755
cds2431	WP_016734044.1	RPHASCH2410_CH00775
cds2441	WP_016734037.1	RPHASCH2410_CH00825
cds2442	WP_029531512.1	RPHASCH2410_CH00830
cds2455	WP_003587245.1	RPHASCH2410_CH00895
cds2463	WP_016734020.1	RPHASCH2410_CH00935
cds2468	WP_016734016.1	RPHASCH2410_CH00960
cds2480	WP_003573826.1	RPHASCH2410_CH01035
cds2481	WP_004669067.1	RPHASCH2410_CH01040
cds2482	WP_004669070.1	RPHASCH2410_CH01045
cds2483	WP_004669072.1	RPHASCH2410_CH01050
cds2484	WP_037113092.1	RPHASCH2410_CH01055
cds2489	WP_003547537.1	RPHASCH2410_CH01080
cds2490	WP_004669085.1	RPHASCH2410_CH01085
cds2491	WP_038688280.1	RPHASCH2410_CH01090
cds2493	WP_003547547.1	RPHASCH2410_CH01100
cds2494	WP_016734008.1	RPHASCH2410_CH01105
cds2495	WP_004674918.1	RPHASCH2410_CH01110
cds2496	WP_003547550.1	RPHASCH2410_CH01115
cds2497	WP_009986456.1	RPHASCH2410_CH01120
cds2498	WP_003573797.1	RPHASCH2410_CH01125
cds2499	WP_004674922.1	RPHASCH2410_CH01130
cds2504	WP_003573790.1	RPHASCH2410_CH01155
cds2505	WP_004674929.1	RPHASCH2410_CH01160
cds2506	WP_016734007.1	RPHASCH2410_CH01165
cds2507	WP_003573787.1	RPHASCH2410_CH01170
cds2508	WP_003547562.1	RPHASCH2410_CH01175
cds2509	WP_003578670.1	RPHASCH2410_CH01180
cds2510	WP_003573785.1	RPHASCH2410_CH01185
cds2511	WP_003573784.1	RPHASCH2410_CH01190
cds2516	WP_003573772.1	RPHASCH2410_CH01215
cds2517	WP_003547577.1	RPHASCH2410_CH01220
cds2518	WP_003547579.1	RPHASCH2410_CH01225
cds2570	WP_016732818.1	RPHASCH2410_CH01495
cds2571	WP_016732819.1	RPHASCH2410_CH01500
cds2572	WP_016732820.1	RPHASCH2410_CH01505
cds2573	WP_012483534.1	RPHASCH2410_CH01510
cds2591	WP_012483551.1	RPHASCH2410_CH01610
cds2592	WP_012483552.1	RPHASCH2410_CH01615
cds2593	WP_012483553.1	RPHASCH2410_CH01620
cds2599	WP_016732838.1	RPHASCH2410_CH01650
cds2600	WP_016732839.1	RPHASCH2410_CH01655
cds2618	WP_012483575.1	RPHASCH2410_CH01745
cds2630	WP_037113865.1	RPHASCH2410_CH01795
cds2646	WP_016732877.1	RPHASCH2410_CH01875
cds2654	WP_016732886.1	RPHASCH2410_CH01915
cds2655	WP_012483593.1	RPHASCH2410_CH01920
cds2671	WP_004678848.1	RPHASCH2410_CH02000
cds2676	WP_016732903.1	RPHASCH2410_CH02025
cds2677	WP_004678841.1	RPHASCH2410_CH02030
cds2678	WP_004678838.1	RPHASCH2410_CH02035
cds2681	WP_004678834.1	RPHASCH2410_CH02060
cds2705	WP_004671258.1	RPHASCH2410_CH02170
cds2706	WP_016732913.1	RPHASCH2410_CH02175
cds2720	WP_016732925.1	RPHASCH2410_CH02245
cds2755	gbkey=CDS	RPHASCH2410_CH02450
cds2758	WP_008526906.1	RPHASCH2410_CH02465
cds2759	WP_009994369.1	RPHASCH2410_CH02470
cds2778	WP_012483684.1	RPHASCH2410_CH02565
cds2791	WP_016732968.1	RPHASCH2410_RS02555
cds2816	WP_046977061.1	RPHASCH2410_CH02750
cds2818	WP_029531170.1	RPHASCH2410_CH02765
cds2819	WP_003579112.1	RPHASCH2410_CH02770
cds2820	WP_016732974.1	RPHASCH2410_CH02775
cds2823	WP_016732977.1	RPHASCH2410_CH02790
cds2832	end_range=532190,.	
cds2833	gbkey=CDS	
cds2834	WP_016732989.1	RPHASCH2410_CH02845
cds2839	WP_016732994.1	RPHASCH2410_CH02870
cds2841	WP_016732996.1	RPHASCH2410_CH02880
cds2844	WP_016732999.1	RPHASCH2410_CH02895
cds2845	WP_012483744.1	RPHASCH2410_CH02900
cds2847	WP_016733002.1	RPHASCH2410_CH02910
cds2848	WP_004673807.1	RPHASCH2410_CH02915
cds2849	WP_046977064.1	RPHASCH2410_CH02920
cds2850	gbkey=CDS	RPHASCH2410_CH02925
cds2851	WP_012483749.1	RPHASCH2410_CH02930
cds2853	WP_016733006.1	RPHASCH2410_CH02940
cds2854	WP_012483752.1	RPHASCH2410_CH02945
cds2855	WP_016733007.1	RPHASCH2410_CH02950
cds2868	WP_016733018.1	RPHASCH2410_CH03020
cds2877	WP_004673781.1	RPHASCH2410_CH03065
cds2880	WP_004673778.1	RPHASCH2410_CH03080
cds2881	WP_020465354.1	RPHASCH2410_CH03085
cds2886	WP_016733030.1	RPHASCH2410_CH03110
cds2889	WP_004680228.1	RPHASCH2410_CH03125
cds2896	WP_004680220.1	RPHASCH2410_CH03160
cds2907	WP_016733043.1	RPHASCH2410_CH03225
cds2908	WP_004671912.1	RPHASCH2410_CH03230
cds2915	WP_016733047.1	RPHASCH2410_CH03265
cds2916	WP_029531198.1	RPHASCH2410_CH03270
cds2943	WP_016733074.1	RPHASCH2410_CH03410
cds2959	WP_004671683.1	RPHASCH2410_CH03495
cds2962	WP_016733090.1	RPHASCH2410_CH03510
cds2969	WP_016733097.1	RPHASCH2410_CH03550
cds2985	WP_016733108.1	RPHASCH2410_CH03630
cds2989	WP_016733112.1	RPHASCH2410_CH03650
cds2990	WP_016733113.1	RPHASCH2410_CH03655
cds2991	WP_016733114.1	RPHASCH2410_CH03660
cds2996	WP_004674119.1	RPHASCH2410_CH12170
cds3019	WP_016734499.1	RPHASCH2410_CH12290
cds3020	WP_010058543.1	RPHASCH2410_CH12295
cds3027	WP_016734492.1	RPHASCH2410_CH12335
cds3028	WP_016734491.1	RPHASCH2410_CH12340
cds3062	WP_080956154.1	RPHASCH2410_CH12525
cds3063	WP_004669522.1	RPHASCH2410_CH12530
cds3071	WP_012483072.1	RPHASCH2410_CH12570
cds3076	WP_046977107.1	RPHASCH2410_CH12595
cds3077	WP_012483077.1	RPHASCH2410_CH12600
cds3080	WP_016734459.1	RPHASCH2410_CH12615
cds3084	WP_016734456.1	RPHASCH2410_CH12635
cds3085	WP_016734455.1	RPHASCH2410_CH12640
cds3112	WP_004676036.1	RPHASCH2410_CH12775
cds3113	WP_016734430.1	RPHASCH2410_CH12780
cds3114	WP_016734429.1	RPHASCH2410_CH12785
cds3118	WP_029531569.1	RPHASCH2410_CH12805
cds3124	WP_016734422.1	RPHASCH2410_CH12830
cds3143	WP_016734409.1	RPHASCH2410_CH12930
cds3144	WP_029531567.1	RPHASCH2410_CH12935
cds3145	WP_010025457.1	RPHASCH2410_CH12940
cds3176	WP_016734385.1	RPHASCH2410_CH13100
cds3211	WP_016734358.1	RPHASCH2410_CH13285
cds3217	WP_016734352.1	RPHASCH2410_CH13325
cds3218	WP_016734351.1	RPHASCH2410_CH13330
cds3225	WP_016734345.1	RPHASCH2410_CH13370
cds3226	WP_004670343.1	RPHASCH2410_CH13380
cds3230	WP_016734344.1	RPHASCH2410_CH13400
cds3244	WP_010035016.1	RPHASCH2410_CH13465
cds3254	WP_039751042.1	RPHASCH2410_CH13515
cds3256	WP_012483227.1	RPHASCH2410_CH13525
cds3265	WP_016734320.1	RPHASCH2410_CH13570
cds3272	WP_010009317.1	RPHASCH2410_CH13605
cds3285	WP_016734306.1	RPHASCH2410_CH13675
cds3299	WP_003574261.1	RPHASCH2410_CH13750
cds3301	WP_004675049.1	RPHASCH2410_CH13760
cds3302	WP_012483260.1	RPHASCH2410_CH13765
cds3306	WP_016734296.1	RPHASCH2410_CH13785
cds3312	WP_029531551.1	RPHASCH2410_CH13815
cds3335	WP_016734272.1	RPHASCH2410_CH13925
cds3336	WP_016734271.1	RPHASCH2410_CH13930
cds3341	WP_016734266.1	RPHASCH2410_CH13955
cds3342	WP_016734265.1	RPHASCH2410_CH13960
cds3343	WP_016734264.1	RPHASCH2410_CH13965
cds3349	WP_029531548.1	RPHASCH2410_CH14000
cds3350	WP_016734257.1	RPHASCH2410_CH14005
cds3352	WP_016734256.1	RPHASCH2410_CH14015
cds3354	WP_004680498.1	RPHASCH2410_CH14025
cds3355	WP_004680499.1	RPHASCH2410_CH14030
cds3358	WP_016734253.1	RPHASCH2410_CH14040
cds3384	WP_029531544.1	RPHASCH2410_CH14170
cds3388	WP_004680549.1	RPHASCH2410_CH14190
cds3389	WP_016734230.1	RPHASCH2410_CH14195
cds3390	WP_016734229.1	RPHASCH2410_CH14200
cds3391	WP_046977115.1	RPHASCH2410_CH14205
cds3401	WP_046977116.1	RPHASCH2410_CH14250
cds3402	WP_012483336.1	RPHASCH2410_CH14255
cds3403	WP_029531540.1	RPHASCH2410_CH14260
cds3404	WP_016734217.1	RPHASCH2410_CH14265
cds3405	WP_016734216.1	RPHASCH2410_CH14270
cds3409	WP_004673739.1	RPHASCH2410_CH14290
cds3415	WP_029531536.1	RPHASCH2410_CH14315
cds3423	WP_016734203.1	RPHASCH2410_CH14355
cds3426	WP_016734201.1	RPHASCH2410_CH14370
cds3441	WP_012483354.1	RPHASCH2410_RS14060
cds3458	WP_004674116.1	RPHASCH2410_CH14525
cds3475	WP_080956159.1	RPHASCH2410_CH14610
cds3484	WP_046977121.1	RPHASCH2410_CH14645
cds3521	WP_080515661.1	RPHASCH2410_CH14830
cds3527	WP_012484718.1	RPHASCH2410_CH14860
cds3529	WP_016733755.1	RPHASCH2410_CH14870
cds3531	WP_016733756.1	RPHASCH2410_CH14880
cds3534	WP_012484723.1	RPHASCH2410_CH14895
cds3535	WP_029531442.1	RPHASCH2410_CH14900
cds3547	WP_012484733.1	RPHASCH2410_CH14960
cds3558	WP_016733781.1	RPHASCH2410_CH15015
cds3569	WP_016733789.1	RPHASCH2410_CH15070
cds3576	WP_029531450.1	RPHASCH2410_CH15110
cds3583	WP_012484826.1	RPHASCH2410_CH15145
cds3584	WP_016733800.1	RPHASCH2410_CH15150
cds3585	WP_012484827.1	RPHASCH2410_CH15155
cds3591	WP_016733803.1	RPHASCH2410_CH15185
cds3592	WP_016733804.1	RPHASCH2410_CH15190
cds3622	WP_011426430.1	RPHASCH2410_CH15345
cds3623	WP_016733829.1	RPHASCH2410_CH15350
cds3686	WP_046977124.1	RPHASCH2410_CH15665
cds3687	WP_016733877.1	RPHASCH2410_CH15670
cds3696	WP_012484941.1	RPHASCH2410_CH15710
cds3708	WP_016733890.1	RPHASCH2410_CH15770
cds3709	WP_016733891.1	RPHASCH2410_CH15775
cds3710	WP_080956157.1	RPHASCH2410_CH15780
cds3736	WP_029531484.1	RPHASCH2410_CH15910
cds3737	WP_016733917.1	RPHASCH2410_CH15915
cds3738	WP_016733918.1	RPHASCH2410_CH15920
cds3740	WP_004673032.1	RPHASCH2410_CH15930
cds3741	WP_016733919.1	RPHASCH2410_CH15935
cds3767	WP_004675671.1	RPHASCH2410_CH16065
cds3768	WP_004675675.1	RPHASCH2410_CH16070
cds3769	WP_037116131.1	RPHASCH2410_CH16075
cds3770	WP_004675679.1	RPHASCH2410_CH16080
cds3776	WP_016733935.1	RPHASCH2410_CH16110
cds3787	WP_004675735.1	RPHASCH2410_CH16165
cds3788	WP_029531492.1	RPHASCH2410_CH16170
cds3789	WP_012484996.1	RPHASCH2410_CH16175
cds3796	WP_016733946.1	RPHASCH2410_CH16210
cds3797	WP_004675748.1	RPHASCH2410_CH16215
cds3798	WP_029531493.1	RPHASCH2410_CH16220
cds3805	WP_016733952.1	RPHASCH2410_CH16255
cds3806	WP_016733953.1	RPHASCH2410_CH16260
cds3811	WP_016733957.1	RPHASCH2410_CH16285
cds3821	WP_016733963.1	RPHASCH2410_CH16335
cds3822	WP_029531495.1	RPHASCH2410_CH16340
cds3823	WP_016733965.1	RPHASCH2410_CH16345
cds3824	WP_011426608.1	RPHASCH2410_CH16350
cds3825	WP_016733966.1	RPHASCH2410_CH16355
cds3830	WP_016733971.1	RPHASCH2410_CH16380
cds3837	WP_012485039.1	RPHASCH2410_CH16415
cds3852	WP_016737122.1	RPHASCH2410_CH16520
cds3856	WP_012485052.1	RPHASCH2410_CH16540
cds3857	WP_016737126.1	RPHASCH2410_CH16545
cds3858	WP_016737127.1	RPHASCH2410_CH16550
cds3859	WP_016737128.1	RPHASCH2410_CH16555
cds3860	WP_016737129.1	RPHASCH2410_CH16560
cds3866	WP_016737135.1	RPHASCH2410_CH16590
cds3867	WP_016737136.1	RPHASCH2410_CH16595
cds3868	WP_004672369.1	RPHASCH2410_CH16600
cds3869	WP_016737137.1	RPHASCH2410_CH16605
cds3882	WP_016737146.1	RPHASCH2410_CH16675
cds3891	WP_016737156.1	RPHASCH2410_CH16730
cds3892	WP_016737157.1	RPHASCH2410_CH16735
cds3894	WP_012485090.1	RPHASCH2410_CH16745
cds3904	WP_004671619.1	RPHASCH2410_CH16795
cds3912	WP_012485106.1	RPHASCH2410_CH16835
cds3917	WP_012485109.1	RPHASCH2410_CH16860
cds3946	WP_003566413.1	RPHASCH2410_CH17010
cds3954	WP_012485142.1	RPHASCH2410_CH17055
cds3962	gbkey=CDS	RPHASCH2410_CH17100
cds3975	WP_010028538.1	RPHASCH2410_CH17165
cds3978	WP_003582204.1	RPHASCH2410_CH17180
cds3988	WP_012485171.1	RPHASCH2410_CH17230
cds3992	WP_003585771.1	RPHASCH2410_CH17250
cds4000	WP_016737223.1	RPHASCH2410_CH17295
cds4015	gbkey=CDS	RPHASCH2410_CH17370
cds4016	WP_012484605.1	RPHASCH2410_CH17375
cds4018	WP_012484607.1	RPHASCH2410_CH17385
cds4023	WP_012484610.1	RPHASCH2410_CH17405
cds4029	WP_016733674.1	RPHASCH2410_CH17430
cds4032	WP_004672775.1	RPHASCH2410_CH17445
cds4033	WP_029531415.1	RPHASCH2410_CH17450
cds4034	WP_012484619.1	RPHASCH2410_CH17455
cds4037	WP_029531418.1	RPHASCH2410_CH17470
cds4040	WP_029531419.1	RPHASCH2410_CH17485
cds4049	WP_029531422.1	RPHASCH2410_CH17530
cds4050	WP_012484631.1	RPHASCH2410_CH17535
cds4076	WP_004680140.1	RPHASCH2410_CH17670
cds4078	WP_012484653.1	RPHASCH2410_CH17685
cds4081	WP_016733709.1	RPHASCH2410_CH17700
cds4084	WP_010031314.1	RPHASCH2410_CH17715
cds4091	WP_012484665.1	RPHASCH2410_CH17750
cds4094	WP_012484668.1	RPHASCH2410_CH17765
cds4096	WP_012484670.1	RPHASCH2410_CH17780
cds4117	WP_016733591.1	RPHASCH2410_CH17880
cds4128	WP_004668803.1	RPHASCH2410_CH17940
cds4149	WP_029531397.1	RPHASCH2410_CH18045
cds4162	WP_016733612.1	RPHASCH2410_CH18105
cds4163	WP_012484523.1	RPHASCH2410_CH18110
cds4172	WP_016733618.1	RPHASCH2410_CH18155
cds4179	WP_016733622.1	RPHASCH2410_CH18190
cds4181	WP_012484539.1	RPHASCH2410_CH18200
cds4184	WP_012484540.1	RPHASCH2410_CH18215
cds4185	WP_012484541.1	RPHASCH2410_CH18220
cds4186	WP_012484542.1	RPHASCH2410_CH18225
cds4187	WP_012484543.1	RPHASCH2410_CH18230
cds4188	WP_016733625.1	RPHASCH2410_CH18235
cds4189	WP_016733626.1	RPHASCH2410_CH18240
cds4190	WP_016733627.1	RPHASCH2410_CH18245
cds4191	WP_016733628.1	RPHASCH2410_CH18250
cds4192	WP_016733629.1	RPHASCH2410_CH18255
cds4195	WP_029531404.1	RPHASCH2410_CH18270
cds4216	WP_016733643.1	RPHASCH2410_CH18375
cds4229	WP_029531410.1	RPHASCH2410_CH18440
cds4239	WP_012484386.1	RPHASCH2410_CH18490
cds4242	WP_029531372.1	RPHASCH2410_CH18505
cds4255	WP_016733518.1	RPHASCH2410_CH18575
cds4271	WP_016733533.1	RPHASCH2410_CH18665
cds4272	WP_039750664.1	RPHASCH2410_CH18670
cds4273	WP_016733534.1	RPHASCH2410_CH18675
cds4274	WP_016733535.1	RPHASCH2410_CH18680
cds4275	WP_016733536.1	RPHASCH2410_CH18685
cds4282	WP_016733540.1	RPHASCH2410_CH18715
cds4286	WP_016733543.1	RPHASCH2410_CH18735
cds4287	WP_016733544.1	RPHASCH2410_CH18740
cds4288	WP_016733545.1	RPHASCH2410_CH18745
cds4312	WP_016733560.1	RPHASCH2410_CH18860
cds4318	WP_016733565.1	RPHASCH2410_CH18895
cds4332	WP_010023406.1	RPHASCH2410_CH18965
cds4348	WP_016733580.1	RPHASCH2410_CH19045
cds4381	WP_012484239.1	RPHASCH2410_CH19215
cds4403	WP_029531341.1	RPHASCH2410_CH19335
cds4418	WP_010024558.1	RPHASCH2410_CH19410
cds4419	WP_012484275.1	RPHASCH2410_CH19415
cds4434	WP_029531346.1	RPHASCH2410_CH19490
cds4514	WP_016733488.1	RPHASCH2410_CH19895
cds4517	WP_016733492.1	RPHASCH2410_CH19910
cds4523	WP_046977141.1	RPHASCH2410_CH19940
cds4526	WP_012484378.1	RPHASCH2410_CH19955
cds4527	WP_016733499.1	RPHASCH2410_CH19960
cds4532	gbkey=CDS	
cds4575	WP_016733359.1	RPHASCH2410_CH20200
cds4586	WP_004672825.1	RPHASCH2410_CH20250
cds4597	WP_004677801.1	RPHASCH2410_RS03615
cds4598	WP_016737236.1	RPHASCH2410_CH03725
cds4601	WP_016737238.1	RPHASCH2410_CH03745
cds4607	WP_020465417.1	RPHASCH2410_CH03780
cds4614	WP_029532212.1	RPHASCH2410_CH03815
cds4627	WP_016737254.1	RPHASCH2410_CH03870
cds4645	WP_003585885.1	RPHASCH2410_CH03965
cds4653	WP_029532228.1	RPHASCH2410_CH04005
cds4676	WP_016737294.1	RPHASCH2410_CH04120
cds4679	WP_029532244.1	RPHASCH2410_CH04135
cds4687	WP_016737300.1	RPHASCH2410_CH04175
cds4692	WP_016737305.1	RPHASCH2410_CH04200
cds4693	WP_012485276.1	RPHASCH2410_CH04205
cds4694	WP_012485277.1	RPHASCH2410_CH04210
cds4695	WP_016737306.1	RPHASCH2410_CH04215
cds4701	WP_012485283.1	RPHASCH2410_CH04245
cds4702	WP_012485284.1	RPHASCH2410_CH04250
cds4703	WP_012485285.1	RPHASCH2410_CH04255
cds4704	WP_004678022.1	RPHASCH2410_CH04260
cds4715	WP_016737317.1	RPHASCH2410_CH04320
cds4730	WP_016737327.1	RPHASCH2410_CH04395
cds4731	WP_016737328.1	RPHASCH2410_CH04400
cds4732	WP_012485310.1	RPHASCH2410_CH04405
cds4737	WP_016737332.1	RPHASCH2410_RS04305
cds4738	WP_016737333.1	RPHASCH2410_CH04435
cds4739	WP_029532271.1	RPHASCH2410_CH04440
cds4740	WP_016737335.1	RPHASCH2410_CH04445
cds4753	WP_016737530.1	RPHASCH2410_CH04510
cds4784	WP_012485357.1	RPHASCH2410_CH04700
cds4788	WP_004671807.1	RPHASCH2410_CH04720
cds4807	WP_012485375.1	RPHASCH2410_CH04815
cds4808	WP_012485376.1	RPHASCH2410_CH04820
cds4827	WP_012485393.1	RPHASCH2410_CH04920
cds4832	WP_004671390.1	RPHASCH2410_CH04945
cds4849	WP_004679586.1	RPHASCH2410_CH05030
cds4850	WP_016736456.1	RPHASCH2410_CH05035
cds4853	WP_016736453.1	RPHASCH2410_CH05050
cds4854	WP_004679595.1	RPHASCH2410_CH05055
cds4855	WP_004679597.1	RPHASCH2410_CH05060
cds4899	WP_016736406.1	RPHASCH2410_CH05270
cds4905	WP_016736403.1	RPHASCH2410_CH05300
cds4906	WP_012485447.1	RPHASCH2410_CH05305
cds4913	WP_016736400.1	RPHASCH2410_CH05335
cds4929	WP_016736392.1	RPHASCH2410_CH05405
cds4930	WP_016736391.1	RPHASCH2410_CH05410
cds4942	WP_016736382.1	RPHASCH2410_CH05470
cds4943	WP_016736381.1	RPHASCH2410_CH05475
cds4944	WP_016736380.1	RPHASCH2410_CH05480
cds4945	WP_016736379.1	RPHASCH2410_CH05485
cds4946	WP_012485483.1	RPHASCH2410_CH05490
cds4947	WP_016736377.1	RPHASCH2410_CH05495
cds4948	WP_016736376.1	RPHASCH2410_CH05500
cds4949	WP_016736375.1	RPHASCH2410_CH05505
cds4976	WP_012485506.1	RPHASCH2410_CH05635
cds4980	WP_016736350.1	RPHASCH2410_CH05655
cds4981	WP_016736349.1	RPHASCH2410_CH05660
cds4987	WP_016736344.1	RPHASCH2410_CH05690
cds4988	WP_016736343.1	RPHASCH2410_CH05695
cds4989	WP_016736342.1	RPHASCH2410_CH05700
cds4990	WP_012485518.1	RPHASCH2410_CH05705
cds5008	WP_029531880.1	RPHASCH2410_CH05790
cds5009	WP_016736335.1	RPHASCH2410_CH05795
cds5017	gbkey=CDS	
cds5023	WP_012485544.1	RPHASCH2410_CH05860
cds5026	WP_016736326.1	RPHASCH2410_CH05875
cds5058	WP_016736307.1	RPHASCH2410_CH06040
cds5059	WP_016736306.1	RPHASCH2410_CH06045
cds5083	WP_003543812.1	RPHASCH2410_CH06170
cds5092	WP_011427210.1	RPHASCH2410_CH06215
cds5096	WP_012485601.1	RPHASCH2410_CH06240
cds5098	WP_012485603.1	RPHASCH2410_CH06250
cds5103	WP_012485607.1	RPHASCH2410_CH06275
cds5104	WP_016736281.1	RPHASCH2410_CH06280
cds5105	WP_016736280.1	RPHASCH2410_CH06285
cds5106	WP_016736279.1	RPHASCH2410_CH06290
cds5107	WP_016736278.1	RPHASCH2410_CH06295
cds5112	WP_008528334.1	RPHASCH2410_CH06320
cds5113	WP_016736273.1	RPHASCH2410_CH06325
cds5127	WP_016736261.1	RPHASCH2410_CH06395
cds5128	WP_016736260.1	RPHASCH2410_CH06400
cds5129	WP_016736259.1	RPHASCH2410_CH06405
cds5134	WP_016736255.1	RPHASCH2410_CH06430
cds5135	WP_016736254.1	RPHASCH2410_CH06440
cds5136	WP_004676172.1	RPHASCH2410_CH06445
cds5137	WP_012485632.1	RPHASCH2410_CH06450
cds5158	WP_004675276.1	RPHASCH2410_CH06565
cds5162	WP_016736236.1	RPHASCH2410_CH06585
cds5165	WP_010024973.1	RPHASCH2410_CH06600
cds5172	WP_029531858.1	RPHASCH2410_CH06635
cds5173	WP_016736226.1	RPHASCH2410_CH06640
cds5187	WP_010019544.1	RPHASCH2410_CH06710
cds5199	WP_008528706.1	RPHASCH2410_CH06770
cds5222	WP_016736193.1	RPHASCH2410_CH06885
cds5233	WP_016736183.1	RPHASCH2410_CH06940
cds5250	WP_012482121.1	RPHASCH2410_CH07030
cds5282	WP_039751506.1	RPHASCH2410_CH07220
cds5295	WP_012482163.1	RPHASCH2410_CH07285
cds5297	WP_012482165.1	RPHASCH2410_CH07295
cds5298	WP_012482166.1	RPHASCH2410_CH07300
cds5341	WP_016735158.1	RPHASCH2410_CH07515
cds5342	WP_016735157.1	RPHASCH2410_CH07520
cds5343	WP_029531690.1	RPHASCH2410_CH07530
cds5345	WP_016735154.1	RPHASCH2410_CH07540
cds5346	WP_012482211.1	RPHASCH2410_CH07545
cds5355	WP_016733259.1	RPHASCH2410_CH20290
cds5356	WP_012484068.1	RPHASCH2410_CH20295
cds5362	WP_046977143.1	RPHASCH2410_CH20330
cds5383	WP_016733282.1	RPHASCH2410_CH20435
cds5401	WP_016733295.1	RPHASCH2410_CH20530
cds5404	WP_016733298.1	RPHASCH2410_CH20545
cds5412	WP_016733305.1	RPHASCH2410_CH20585
cds5413	WP_004678436.1	RPHASCH2410_CH20590
cds5414	WP_016733306.1	RPHASCH2410_CH20595
cds5439	WP_003540486.1	RPHASCH2410_CH20725
cds5449	WP_016733325.1	RPHASCH2410_CH20775
cds5451	end_range=100646,.	RPHASCH2410_CH20785
cds5453	WP_016733208.1	RPHASCH2410_CH20795
cds5454	WP_008525884.1	RPHASCH2410_CH20800
cds5461	WP_029531256.1	RPHASCH2410_CH20840
cds5475	WP_016733219.1	RPHASCH2410_CH20910
cds5483	WP_029531262.1	RPHASCH2410_CH20960
cds5491	WP_016733231.1	RPHASCH2410_CH20995
cds5492	WP_016733233.1	RPHASCH2410_CH21000
cds5517	WP_016733120.1	RPHASCH2410_CH21120
cds5564	WP_012483948.1	RPHASCH2410_CH21365
cds5565	WP_012483949.1	RPHASCH2410_CH21370
cds5568	WP_016733154.1	RPHASCH2410_CH21385
cds5587	WP_004675609.1	RPHASCH2410_CH21480
cds5594	WP_029531237.1	RPHASCH2410_CH21515
cds5606	WP_004676258.1	RPHASCH2410_CH21570
cds5610	WP_016733183.1	RPHASCH2410_CH21590
cds5612	WP_046977151.1	RPHASCH2410_CH21600
cds5613	WP_016733185.1	RPHASCH2410_CH21605
cds5614	WP_016733186.1	RPHASCH2410_CH21610
cds5618	WP_012483988.1	RPHASCH2410_CH21630
cds5621	WP_012483991.1	RPHASCH2410_CH21645
cds5626	WP_012483995.1	RPHASCH2410_CH21670
cds5627	WP_010024905.1	RPHASCH2410_CH21675
cds5628	WP_004676212.1	RPHASCH2410_CH21680
cds5646	gbkey=CDS	
cds5647	WP_004673396.1	RPHASCH2410_CH07555
cds5648	WP_004673395.1	RPHASCH2410_CH07560
cds5649	WP_004673394.1	RPHASCH2410_CH07565
cds5659	end_range=11518,.	
cds5667	WP_004672641.1	RPHASCH2410_CH07640
cds5687	WP_004677177.1	RPHASCH2410_CH07745
cds5703	WP_004673514.1	RPHASCH2410_CH07825
cds5704	WP_016735120.1	RPHASCH2410_CH07830
cds5705	WP_016735119.1	RPHASCH2410_CH07835
cds5706	WP_016735118.1	RPHASCH2410_CH07840
cds5707	WP_016735117.1	RPHASCH2410_CH07845
cds5710	WP_004673526.1	RPHASCH2410_CH07860
cds5729	WP_004673556.1	RPHASCH2410_CH07965
cds5730	WP_004673557.1	RPHASCH2410_CH07970
cds5731	WP_016735102.1	RPHASCH2410_CH07975
cds5732	WP_004673564.1	RPHASCH2410_CH07980
cds5747	WP_004668690.1	RPHASCH2410_CH08055
cds5776	WP_016735074.1	RPHASCH2410_CH08205
cds5778	WP_016735072.1	RPHASCH2410_CH08215
cds5789	WP_003570998.1	RPHASCH2410_CH08275
cds5790	WP_004673860.1	RPHASCH2410_CH08280
cds5791	WP_016735064.1	RPHASCH2410_CH08285
cds5806	WP_016735051.1	RPHASCH2410_CH08360
cds5825	WP_016735033.1	RPHASCH2410_CH08460
cds5854	WP_016735010.1	RPHASCH2410_CH08615
cds5858	WP_016735006.1	RPHASCH2410_CH08630
cds5864	WP_016735000.1	RPHASCH2410_CH08660
cds5865	WP_016734999.1	RPHASCH2410_CH08665
cds5882	WP_008524652.1	RPHASCH2410_CH08755
cds5895	WP_012482410.1	RPHASCH2410_CH08825
cds5908	WP_004679829.1	RPHASCH2410_CH08890
cds5933	WP_003570770.1	RPHASCH2410_CH09015
cds5938	WP_029531659.1	RPHASCH2410_CH09040
cds5953	WP_012482454.1	RPHASCH2410_CH09115
cds5958	WP_010017635.1	RPHASCH2410_CH09140
cds5959	WP_012482459.1	RPHASCH2410_CH09145
cds5960	WP_016737600.1	RPHASCH2410_CH09150
cds5963	WP_004673114.1	RPHASCH2410_CH09165
cds5964	WP_008524438.1	RPHASCH2410_CH09170
cds5967	gbkey=CDS	
cds5971	WP_029531653.1	RPHASCH2410_CH09210
cds5981	WP_016734917.1	RPHASCH2410_CH09265
cds5982	WP_016734916.1	RPHASCH2410_CH09270
cds5983	WP_010024680.1	RPHASCH2410_CH09275
cds5984	WP_016734915.1	RPHASCH2410_CH09280
cds5988	WP_016734910.1	RPHASCH2410_CH09305
cds5989	WP_016734909.1	RPHASCH2410_CH09310
cds5992	WP_016734907.1	RPHASCH2410_CH09335
cds5993	WP_016734906.1	RPHASCH2410_CH09340
cds6000	WP_012482521.1	RPHASCH2410_CH09375
cds6044	WP_012482562.1	RPHASCH2410_CH09610
cds6047	WP_012482564.1	RPHASCH2410_CH09625
cds6053	WP_004673725.1	RPHASCH2410_CH09665
cds6064	WP_016734859.1	RPHASCH2410_CH09720
cds6081	WP_004675957.1	RPHASCH2410_CH09810
cds6083	WP_010010011.1	RPHASCH2410_CH09820
cds6089	WP_016734842.1	RPHASCH2410_CH09850
cds6106	WP_003545338.1	RPHASCH2410_CH09940
cds6133	WP_004674538.1	RPHASCH2410_CH10080
cds6135	WP_012482641.1	RPHASCH2410_CH10085
cds6136	WP_016734810.1	RPHASCH2410_CH10090
cds6137	WP_016734809.1	RPHASCH2410_CH10095
cds6156	WP_016734797.1	RPHASCH2410_CH10185
cds6230	WP_016734759.1	RPHASCH2410_CH10555
cds6232	WP_004673775.1	RPHASCH2410_CH10565
cds6249	WP_016734743.1	RPHASCH2410_CH10660
cds6250	WP_012482731.1	RPHASCH2410_CH10665
cds6259	WP_004676182.1	RPHASCH2410_CH10720
cds6260	WP_012482735.1	RPHASCH2410_CH10725
cds6261	WP_016734733.1	RPHASCH2410_RS10495
cds6262	WP_004676185.1	RPHASCH2410_RS10500
cds6276	WP_016734719.1	RPHASCH2410_CH10805
cds6288	WP_016734707.1	RPHASCH2410_CH10875
cds6289	WP_016734706.1	RPHASCH2410_CH10885
cds6297	WP_012482792.1	RPHASCH2410_CH10930
cds6308	WP_016734693.1	RPHASCH2410_CH10985
cds6312	WP_016734689.1	RPHASCH2410_CH11005
cds6325	WP_029531624.1	RPHASCH2410_CH11070
cds6337	WP_029531621.1	RPHASCH2410_CH11135
cds6366	WP_012482854.1	RPHASCH2410_CH11285
cds6369	WP_004675822.1	RPHASCH2410_CH11300
cds6370	WP_010004512.1	RPHASCH2410_CH11305
cds6375	WP_016734649.1	RPHASCH2410_CH11330
cds6376	WP_016734648.1	RPHASCH2410_CH11335
cds6382	WP_004672609.1	RPHASCH2410_CH11365
cds6383	WP_016734642.1	RPHASCH2410_CH11370
cds6384	WP_016734641.1	RPHASCH2410_CH11375
cds6394	WP_016734634.1	RPHASCH2410_CH11415
cds6406	WP_029531614.1	RPHASCH2410_CH11480
cds6413	WP_016734620.1	RPHASCH2410_CH11515
cds6416	WP_016734618.1	RPHASCH2410_CH11530
cds6417	WP_016734617.1	RPHASCH2410_CH11535
cds6419	WP_029531612.1	RPHASCH2410_CH11545
cds6429	WP_016734606.1	RPHASCH2410_CH11595
cds6443	WP_016734594.1	RPHASCH2410_CH11665
cds6444	WP_016734593.1	RPHASCH2410_CH11675
cds6449	gbkey=CDS	
cds6450	WP_012482921.1	RPHASCH2410_CH11700
cds6451	WP_016734590.1	RPHASCH2410_CH11705
cds6481	WP_016734570.1	RPHASCH2410_CH11870
cds6482	WP_010021814.1	RPHASCH2410_CH11875
cds6489	WP_016734566.1	RPHASCH2410_CH11910
cds6491	WP_016734564.1	RPHASCH2410_CH11925
cds6498	WP_016734557.1	RPHASCH2410_CH11960
cds6507	WP_016734549.1	RPHASCH2410_CH12000
cds6508	WP_016734548.1	RPHASCH2410_CH12005
cds6534	WP_016734523.1	RPHASCH2410_CH12140
cds6535	WP_016734522.1	RPHASCH2410_CH12145
cds154	WP_016736809.1	RPHASCH2410_PA00785
cds208	WP_029532139.1	RPHASCH2410_PA01040
cds245	WP_016737053.1	RPHASCH2410_PA01215
cds246	WP_016737052.1	RPHASCH2410_PA01220
cds252	WP_016737046.1	RPHASCH2410_PA01250
cds268	WP_004670792.1	RPHASCH2410_PA01335
cds269	WP_016737032.1	RPHASCH2410_PA01340
cds311	WP_016736991.1	RPHASCH2410_PA01550
cds324	WP_016736978.1	RPHASCH2410_PA01615
cds408	WP_016736700.1	RPHASCH2410_PB00280
cds475	gbkey=CDS	RPHASCH2410_PB00615
cds637	WP_046977160.1	RPHASCH2410_PB01410
cds748	WP_080515687.1	RPHASCH2410_CH19975
cds1079	WP_016737431.1	RPHASCH2410_PC01605
cds1326	WP_016735485.1	RPHASCH2410_PD00675
cds1327	WP_016735486.1	RPHASCH2410_PD00680
cds1399	WP_016735548.1	RPHASCH2410_PD01035
cds1682	WP_016735795.1	RPHASCH2410_PD02455
cds1728	WP_016735840.1	RPHASCH2410_PD02690
cds1729	WP_016735841.1	RPHASCH2410_PD02695
cds1897	WP_004669204.1	RPHASCH2410_PD03530
cds2056	WP_016736111.1	RPHASCH2410_PD04325
cds2057	WP_029531832.1	RPHASCH2410_PD04330
cds2111	end_range=922131,.	RPHASCH2410_PD04595
cds2198	WP_016735294.1	RPHASCH2410_PD05010
cds2199	WP_016735295.1	RPHASCH2410_PD05015
cds2200	WP_016735296.1	RPHASCH2410_PD05020
cds2462	WP_016734021.1	RPHASCH2410_CH00930
cds2485	WP_004669074.1	RPHASCH2410_CH01060
cds2492	WP_004669088.1	RPHASCH2410_CH01020
cds2492	WP_004669088.1	RPHASCH2410_CH01095
cds2500	WP_003573793.1	RPHASCH2410_CH01135
cds2512	WP_003547566.1	RPHASCH2410_CH01195
cds2519	WP_009995243.1	RPHASCH2410_CH01230
cds2520	WP_016734003.1	RPHASCH2410_CH01235
cds2882	WP_016733027.1	RPHASCH2410_CH03090
cds2942	WP_016733073.1	RPHASCH2410_CH03405
cds2961	WP_016733089.1	RPHASCH2410_CH03505
cds3070	WP_016734463.1	RPHASCH2410_CH12565
cds3072	WP_010022588.1	RPHASCH2410_CH12575
cds3165	WP_039751071.1	RPHASCH2410_CH13045
cds3227	WP_012483203.1	RPHASCH2410_CH13385
cds3235	WP_012483209.1	RPHASCH2410_CH13420
cds3236	WP_037113567.1	RPHASCH2410_CH13425
cds3237	WP_012483211.1	RPHASCH2410_CH13430
cds3247	WP_016734334.1	RPHASCH2410_CH13480
cds3248	WP_016734333.1	RPHASCH2410_CH13485
cds3457	WP_016734173.1	RPHASCH2410_CH14515
cds3476	gbkey=CDS	
cds3528	WP_012484719.1	RPHASCH2410_CH14865
cds3572	WP_016733791.1	RPHASCH2410_CH15090
cds3573	WP_016733792.1	RPHASCH2410_CH15095
cds3574	WP_016733793.1	RPHASCH2410_CH15100
cds3577	WP_016733796.1	RPHASCH2410_CH15115
cds3804	WP_016733951.1	RPHASCH2410_CH16250
cds3925	WP_016737177.1	RPHASCH2410_CH16895
cds4022	WP_010003937.1	RPHASCH2410_CH17400
cds4058	WP_029531425.1	RPHASCH2410_CH17580
cds4092	WP_016733714.1	RPHASCH2410_CH17755
cds4311	WP_004677216.1	RPHASCH2410_CH18855
cds4340	WP_016733576.1	RPHASCH2410_CH19005
cds4414	WP_012484272.1	RPHASCH2410_CH19395
cds4525	WP_004679676.1	RPHASCH2410_CH19950
cds4529	WP_016733501.1	RPHASCH2410_CH19970
cds4530	WP_080956170.1	RPHASCH2410_PC00025
cds4531	WP_016733502.1	RPHASCH2410_CH19980
cds4572	WP_016733355.1	RPHASCH2410_CH20185
cds4573	WP_016733357.1	RPHASCH2410_CH20190
cds4603	WP_012485198.1	RPHASCH2410_CH03755
cds4691	WP_029532252.1	RPHASCH2410_CH04195
cds4697	WP_016737308.1	RPHASCH2410_CH04225
cds4736	WP_016737331.1	RPHASCH2410_RS04300
cds4754	WP_016737529.1	RPHASCH2410_CH04515
cds4768	WP_012485342.1	RPHASCH2410_CH04585
cds4920	WP_012485458.1	RPHASCH2410_CH05365
cds4928	WP_016736393.1	RPHASCH2410_CH05400
cds4939	WP_012485476.1	RPHASCH2410_CH05455
cds4941	WP_016736383.1	RPHASCH2410_CH05465
cds4982	WP_016736348.1	RPHASCH2410_CH05665
cds4993	WP_012485520.1	RPHASCH2410_CH05715
cds5079	WP_029531871.1	RPHASCH2410_CH06150
cds5278	WP_016735212.1	RPHASCH2410_CH07200
cds5567	WP_016733153.1	RPHASCH2410_CH21380
cds5815	WP_016735042.1	RPHASCH2410_CH08405
cds5830	WP_016735029.1	RPHASCH2410_CH08485
cds5905	WP_012482416.1	RPHASCH2410_CH08875
cds5947	WP_016734943.1	RPHASCH2410_CH09085
cds5962	WP_029531655.1	RPHASCH2410_CH09160
cds5994	WP_012482516.1	RPHASCH2410_CH09345
cds6043	WP_012482561.1	RPHASCH2410_CH09605
cds6223	WP_016734763.1	RPHASCH2410_CH10515
cds6231	WP_016734758.1	RPHASCH2410_CH10560
cds6292	WP_016734703.1	RPHASCH2410_CH10905
cds6307	WP_016734694.1	RPHASCH2410_CH10980
cds6339	WP_016734672.1	RPHASCH2410_CH11145
cds25	WP_016736928.1	RPHASCH2410_PA00130
cds40	WP_016736912.1	RPHASCH2410_PA00210
cds58	WP_016736895.1	RPHASCH2410_PA00300
cds61	WP_016736892.1	RPHASCH2410_PA00315
cds62	WP_016736891.1	RPHASCH2410_PA00320
cds63	WP_039752298.1	RPHASCH2410_PA00325
cds115	WP_016736844.1	RPHASCH2410_PA00585
cds116	WP_039752308.1	RPHASCH2410_PA00590
cds117	WP_016736842.1	RPHASCH2410_PA00595
cds119	WP_016736839.1	RPHASCH2410_PA00605
cds256	WP_016737042.1	RPHASCH2410_PA01270
cds315	WP_016736987.1	RPHASCH2410_PA01570
cds334	WP_016736970.1	RPHASCH2410_PA01660
cds335	WP_016736969.1	RPHASCH2410_PA01665
cds378	WP_016736679.1	RPHASCH2410_PB00130
cds382	WP_012490613.1	RPHASCH2410_PB00150
cds385	WP_016736682.1	RPHASCH2410_PB00165
cds386	WP_012490616.1	RPHASCH2410_PB00170
cds388	gbkey=CDS	RPHASCH2410_PB00180
cds389	WP_029531971.1	RPHASCH2410_PB00185
cds390	WP_016736685.1	RPHASCH2410_PB00190
cds392	WP_016736686.1	RPHASCH2410_PB00200
cds393	WP_039752239.1	RPHASCH2410_PB00205
cds406	WP_016736698.1	RPHASCH2410_PB00270
cds407	WP_016736699.1	RPHASCH2410_PB00275
cds413	WP_016736705.1	RPHASCH2410_PB00310
cds416	WP_016736706.1	RPHASCH2410_PB00320
cds417	WP_012490645.1	RPHASCH2410_PB00325
cds459	WP_012490684.1	RPHASCH2410_PB00535
cds565	WP_016736508.1	RPHASCH2410_PB01060
cds601	WP_029531931.1	RPHASCH2410_PB01235
cds602	WP_016736539.1	RPHASCH2410_PB01240
cds617	WP_016736553.1	RPHASCH2410_PB01310
cds667	WP_016736594.1	RPHASCH2410_PB01555
cds984	WP_016737400.1	RPHASCH2410_PC01145
cds1065	WP_016737426.1	RPHASCH2410_PC01535
cds1070	WP_011053353.1	RPHASCH2410_PC01560
cds1074	WP_008534369.1	RPHASCH2410_PC01580
cds1086	WP_016737436.1	RPHASCH2410_PC01640
cds1195	WP_016735367.1	RPHASCH2410_PD00010
cds1290	WP_016735454.1	RPHASCH2410_PD00505
cds1305	WP_016735468.1	RPHASCH2410_PD00570
cds1318	WP_039751730.1	RPHASCH2410_PD00635
cds1389	WP_016735543.1	RPHASCH2410_PD00985
cds1405	WP_004674459.1	RPHASCH2410_PD01065
cds1556	WP_029531770.1	RPHASCH2410_PD01835
cds1557	WP_016735683.1	RPHASCH2410_PD01840
cds1559	WP_016735685.1	RPHASCH2410_PD01850
cds1574	WP_016735696.1	RPHASCH2410_PD01920
cds1600	WP_016735722.1	RPHASCH2410_PD02050
cds1604	end_range=413057,.	
cds1618	WP_016735739.1	RPHASCH2410_PD02135
cds1619	WP_016735740.1	RPHASCH2410_PD02140
cds1620	WP_016735741.1	RPHASCH2410_PD02145
cds1621	WP_004672121.1	RPHASCH2410_PD02150
cds1662	WP_016735777.1	RPHASCH2410_PD02355
cds1666	WP_016735780.1	RPHASCH2410_PD02375
cds1681	WP_029531785.1	RPHASCH2410_PD02450
cds1700	WP_016735811.1	RPHASCH2410_PD02545
cds1756	WP_016735863.1	RPHASCH2410_PD02830
cds1808	WP_016735911.1	RPHASCH2410_PD03080
cds1809	WP_016735912.1	RPHASCH2410_PD03085
cds1810	WP_016735913.1	RPHASCH2410_PD03090
cds1811	WP_016735914.1	RPHASCH2410_PD03095
cds1848	WP_029531803.1	RPHASCH2410_PD03285
cds1877	WP_016735970.1	RPHASCH2410_PD03435
cds1878	WP_016735971.1	RPHASCH2410_PD03440
cds1881	WP_016735974.1	RPHASCH2410_PD03455
cds1893	WP_004669196.1	RPHASCH2410_PD03510
cds1894	WP_029531810.1	RPHASCH2410_PD03515
cds1895	WP_016735986.1	RPHASCH2410_PD03520
cds1896	WP_016735987.1	RPHASCH2410_PD03525
cds1926	WP_004669265.1	RPHASCH2410_PD03670
cds1935	WP_016736016.1	RPHASCH2410_PD03715
cds2058	end_range=876515,.	RPHASCH2410_PD04335
cds2087	WP_016736140.1	RPHASCH2410_PD04475
cds2132	WP_016735235.1	RPHASCH2410_PD04700
cds2197	WP_016735293.1	RPHASCH2410_PD05005
cds2392	WP_012483400.1	RPHASCH2410_CH00555
cds2469	WP_012483469.1	RPHASCH2410_CH00965
cds2513	WP_016734006.1	RPHASCH2410_CH01200
cds2617	WP_039750162.1	RPHASCH2410_CH01740
cds2651	WP_016732883.1	RPHASCH2410_CH01900
cds2672	WP_016732899.1	RPHASCH2410_CH02005
cds2742	WP_010024961.1	RPHASCH2410_CH02385
cds2760	WP_004678616.1	RPHASCH2410_CH02475
cds2790	WP_012483692.1	RPHASCH2410_CH02620
cds2792	WP_012483694.1	RPHASCH2410_CH02630
cds2793	WP_016732969.1	RPHASCH2410_CH02635
cds2840	WP_016732995.1	RPHASCH2410_CH02875
cds2869	WP_016733019.1	RPHASCH2410_CH03025
cds2885	WP_016733029.1	RPHASCH2410_CH03105
cds2972	WP_016733100.1	RPHASCH2410_CH03565
cds2973	WP_010025202.1	RPHASCH2410_CH03570
cds2979	WP_016733104.1	RPHASCH2410_CH03600
cds2992	WP_016733115.1	RPHASCH2410_CH03665
cds3055	WP_016734475.1	RPHASCH2410_CH12485
cds3087	WP_016734453.1	RPHASCH2410_CH12650
cds3088	WP_016734452.1	RPHASCH2410_CH12655
cds3117	WP_004676027.1	RPHASCH2410_CH12800
cds3119	WP_010017118.1	RPHASCH2410_CH12810
cds3120	WP_016734425.1	RPHASCH2410_CH12815
cds3146	WP_016734407.1	RPHASCH2410_CH12945
cds3147	WP_016734406.1	RPHASCH2410_CH12950
cds3173	WP_029531565.1	RPHASCH2410_CH13085
cds3216	WP_046977117.1	RPHASCH2410_CH13320
cds3255	WP_016734328.1	RPHASCH2410_CH13520
cds3353	WP_016734255.1	RPHASCH2410_CH14020
cds3397	WP_016734222.1	RPHASCH2410_CH14230
cds3400	WP_016734220.1	RPHASCH2410_CH14245
cds3413	WP_029531538.1	RPHASCH2410_CH14310
cds3442	WP_003547190.1	RPHASCH2410_CH14440
cds3459	WP_010018343.1	RPHASCH2410_CH14530
cds3493	WP_016733738.1	RPHASCH2410_CH14690
cds3593	WP_016733805.1	RPHASCH2410_CH15195
cds3669	WP_029531474.1	RPHASCH2410_CH15580
cds3698	WP_016733885.1	RPHASCH2410_CH15720
cds3731	WP_016733912.1	RPHASCH2410_CH15885
cds3947	WP_029532180.1	RPHASCH2410_CH17015
cds3971	WP_016737204.1	RPHASCH2410_CH17145
cds4009	WP_004677699.1	RPHASCH2410_CH17340
cds4017	WP_012484606.1	RPHASCH2410_CH17380
cds4035	WP_080956164.1	RPHASCH2410_CH17460
cds4036	WP_016733681.1	RPHASCH2410_CH17465
cds4041	WP_029531421.1	RPHASCH2410_CH17490
cds4048	WP_016733690.1	RPHASCH2410_CH17525
cds4093	WP_016733715.1	RPHASCH2410_CH17760
cds4095	WP_004680105.1	RPHASCH2410_CH17770
cds4118	WP_016733592.1	RPHASCH2410_CH17885
cds4164	WP_004668527.1	RPHASCH2410_CH18115
cds4228	WP_016733655.1	RPHASCH2410_CH18435
cds4249	gbkey=CDS	
cds4289	WP_016733546.1	RPHASCH2410_CH18750
cds4317	WP_029531389.1	RPHASCH2410_CH18890
cds4339	WP_016733575.1	RPHASCH2410_CH19000
cds4362	WP_029531319.1	RPHASCH2410_CH19115
cds4367	WP_003540801.1	RPHASCH2410_CH19145
cds4379	WP_016733387.1	RPHASCH2410_CH19205
cds4380	WP_029531333.1	RPHASCH2410_CH19210
cds4382	WP_029531336.1	RPHASCH2410_CH19220
cds4383	WP_016733389.1	RPHASCH2410_CH19225
cds4390	WP_012484248.1	RPHASCH2410_CH19260
cds4472	WP_016733455.1	RPHASCH2410_CH19690
cds4497	WP_012484348.1	RPHASCH2410_CH19810
cds4500	WP_016733477.1	RPHASCH2410_CH19825
cds4501	WP_046977140.1	RPHASCH2410_CH19830
cds4515	WP_016733489.1	RPHASCH2410_CH19900
cds4521	WP_029531365.1	RPHASCH2410_CH19930
cds4557	WP_012484172.1	RPHASCH2410_CH20115
cds4585	WP_016733366.1	RPHASCH2410_CH20245
cds4600	WP_004677809.1	RPHASCH2410_CH03740
cds4608	WP_080956137.1	RPHASCH2410_CH03785
cds4668	WP_016737286.1	RPHASCH2410_CH04080
cds4688	WP_016737301.1	RPHASCH2410_CH04180
cds4690	WP_016737303.1	RPHASCH2410_CH04190
cds4851	WP_016736455.1	RPHASCH2410_CH05040
cds4898	WP_016736408.1	RPHASCH2410_CH05265
cds4912	WP_016736401.1	RPHASCH2410_CH05330
cds4964	WP_016736360.1	RPHASCH2410_CH05575
cds5099	WP_016736284.1	RPHASCH2410_CH06255
cds5101	WP_004674197.1	RPHASCH2410_CH06265
cds5114	WP_016736272.1	RPHASCH2410_CH06330
cds5124	WP_016736264.1	RPHASCH2410_CH06380
cds5133	WP_016736256.1	RPHASCH2410_CH06425
cds5138	WP_016736253.1	RPHASCH2410_CH06455
cds5139	WP_016736252.1	RPHASCH2410_CH06460
cds5155	WP_080956143.1	RPHASCH2410_CH06545
cds5159	WP_010023100.1	RPHASCH2410_CH06570
cds5163	WP_029531862.1	RPHASCH2410_CH06590
cds5177	WP_004675229.1	RPHASCH2410_CH06660
cds5181	WP_016736221.1	RPHASCH2410_CH06680
cds5208	WP_012482087.1	RPHASCH2410_CH06815
cds5223	WP_016736192.1	RPHASCH2410_CH06890
cds5240	WP_012482113.1	RPHASCH2410_CH06980
cds5253	WP_012482124.1	RPHASCH2410_CH07045
cds5271	WP_016735219.1	RPHASCH2410_CH07165
cds5347	WP_016735153.1	RPHASCH2410_RS07420
cds5348	WP_029531275.1	RPHASCH2410_CH20255
cds5349	WP_016733253.1	RPHASCH2410_CH20260
cds5354	WP_016733258.1	RPHASCH2410_CH20285
cds5371	WP_016733273.1	RPHASCH2410_CH20375
cds5374	WP_016733276.1	RPHASCH2410_CH20390
cds5505	WP_016733244.1	RPHASCH2410_CH21060
cds5524	WP_016733126.1	RPHASCH2410_CH21155
cds5582	WP_016733164.1	RPHASCH2410_CH21455
cds5620	WP_012483990.1	RPHASCH2410_CH21640
cds5625	WP_012483994.1	RPHASCH2410_CH21665
cds5634	WP_004676199.1	RPHASCH2410_CH21710
cds5639	WP_016733199.1	RPHASCH2410_CH21735
cds5654	WP_004676724.1	RPHASCH2410_CH07585
cds5674	WP_029531685.1	RPHASCH2410_CH07675
cds5677	WP_004672627.1	RPHASCH2410_CH07695
cds5760	WP_004674838.1	RPHASCH2410_CH08120
cds5777	WP_016735073.1	RPHASCH2410_CH08210
cds5779	WP_016735071.1	RPHASCH2410_CH08220
cds5780	WP_016735070.1	RPHASCH2410_CH08225
cds5816	WP_016735041.1	RPHASCH2410_CH08410
cds5821	WP_016735037.1	RPHASCH2410_CH08440
cds5822	WP_016735036.1	RPHASCH2410_CH08445
cds5832	WP_012482353.1	RPHASCH2410_CH08495
cds5888	WP_010024267.1	RPHASCH2410_CH08790
cds5890	WP_010025709.1	RPHASCH2410_CH08800
cds5896	WP_004679846.1	RPHASCH2410_CH08830
cds5901	WP_016734974.1	RPHASCH2410_CH08855
cds5930	WP_016734956.1	RPHASCH2410_CH09000
cds5945	WP_016734945.1	RPHASCH2410_CH09075
cds5979	WP_016734919.1	RPHASCH2410_CH09255
cds6023	WP_016734884.1	RPHASCH2410_CH09490
cds6055	WP_012482571.1	RPHASCH2410_CH09675
cds6071	WP_016734853.1	RPHASCH2410_CH09760
cds6082	WP_004675956.1	RPHASCH2410_CH09815
cds6084	WP_012482597.1	RPHASCH2410_CH09825
cds6085	WP_016734846.1	RPHASCH2410_CH09830
cds6107	WP_012482617.1	RPHASCH2410_CH09945
cds6235	WP_016734755.1	RPHASCH2410_CH10580
cds6293	WP_012482788.1	RPHASCH2410_CH10910
cds6326	WP_016734680.1	RPHASCH2410_RS10825
cds6328	WP_016734679.1	RPHASCH2410_CH11085
cds6340	WP_016734671.1	RPHASCH2410_CH11150
cds6371	WP_003588243.1	RPHASCH2410_CH11310
cds6387	WP_016734639.1	RPHASCH2410_CH11390
cds6397	WP_016734631.1	RPHASCH2410_CH11430
cds6415	WP_016734619.1	RPHASCH2410_CH11525
cds6418	WP_016734616.1	RPHASCH2410_CH11540
cds6439	WP_016734598.1	RPHASCH2410_CH11645
cds6441	WP_004674135.1	RPHASCH2410_CH11655
cds6446	WP_029531608.1	RPHASCH2410_CH11685
cds6463	WP_012482931.1	RPHASCH2410_CH11765
cds6490	WP_012482951.1	RPHASCH2410_CH11920
cds6504	WP_029531598.1	RPHASCH2410_CH11985
