1	RPHASCH2410_CH00005
2	RPHASCH2410_CH00030
3	RPHASCH2410_CH00095
4	RPHASCH2410_CH00100
5	RPHASCH2410_CH00115
6	RPHASCH2410_CH00120
7	RPHASCH2410_CH00145
8	RPHASCH2410_CH00150
9	RPHASCH2410_CH00180
10	RPHASCH2410_CH00205
11	RPHASCH2410_CH00210
12	RPHASCH2410_CH00215
13	RPHASCH2410_CH00260
14	RPHASCH2410_CH00265
15	RPHASCH2410_CH00275
16	RPHASCH2410_RS32235
17	RPHASCH2410_CH00290
18	RPHASCH2410_CH00310
19	RPHASCH2410_CH00315
20	RPHASCH2410_CH00345
21	RPHASCH2410_CH00350
22	RPHASCH2410_CH00355
23	RPHASCH2410_RS00385
24	RPHASCH2410_CH00420
25	RPHASCH2410_CH00425
26	RPHASCH2410_CH00435
27	RPHASCH2410_CH00440
28	RPHASCH2410_CH00450
29	RPHASCH2410_CH00455
30	RPHASCH2410_CH00460
31	RPHASCH2410_CH00465
32	RPHASCH2410_CH00470
33	RPHASCH2410_CH00475
34	RPHASCH2410_CH00505
35	RPHASCH2410_CH00510
36	RPHASCH2410_CH00515
37	RPHASCH2410_CH00520
38	RPHASCH2410_CH00525
39	RPHASCH2410_CH00550
40	RPHASCH2410_CH00555
41	RPHASCH2410_CH00560
42	RPHASCH2410_CH00565
43	RPHASCH2410_CH00570
44	RPHASCH2410_CH00580
45	RPHASCH2410_CH00585
46	RPHASCH2410_CH00595
47	RPHASCH2410_RS00560
48	RPHASCH2410_CH00615
49	RPHASCH2410_RS00580
50	RPHASCH2410_CH00630
51	RPHASCH2410_CH00635
52	RPHASCH2410_CH00640
53	RPHASCH2410_CH00645
54	RPHASCH2410_CH00650
55	RPHASCH2410_CH00655
56	RPHASCH2410_CH00670
57	RPHASCH2410_CH00675
58	RPHASCH2410_CH00680
59	RPHASCH2410_CH00685
60	RPHASCH2410_CH00690
61	RPHASCH2410_CH00695
62	RPHASCH2410_CH00700
63	RPHASCH2410_CH00705
64	RPHASCH2410_RS32255
65	RPHASCH2410_CH00735
66	RPHASCH2410_CH00830
67	RPHASCH2410_CH00835
68	RPHASCH2410_CH00850
69	RPHASCH2410_CH00855
70	RPHASCH2410_CH00860
71	RPHASCH2410_CH00865
72	RPHASCH2410_CH00870
73	RPHASCH2410_CH00880
74	RPHASCH2410_CH00885
75	RPHASCH2410_CH00895
76	RPHASCH2410_CH00900
77	RPHASCH2410_CH00905
78	RPHASCH2410_CH00935
79	RPHASCH2410_CH00940
80	RPHASCH2410_RS32260
81	RPHASCH2410_CH00945
82	RPHASCH2410_CH00955
83	RPHASCH2410_CH00960
84	RPHASCH2410_CH00965
85	RPHASCH2410_RS32265
86	RPHASCH2410_CH00980
87	RPHASCH2410_CH00990
88	RPHASCH2410_RS00935
89	RPHASCH2410_CH01005
90	RPHASCH2410_CH01020
91	RPHASCH2410_CH01025
92	RPHASCH2410_CH01035
93	RPHASCH2410_CH01075
94	RPHASCH2410_CH01080
95	RPHASCH2410_CH01235
96	RPHASCH2410_CH01250
97	RPHASCH2410_CH01255
98	RPHASCH2410_CH01265
99	RPHASCH2410_CH01270
100	RPHASCH2410_CH01280
101	RPHASCH2410_CH01285
102	RPHASCH2410_CH01295
103	RPHASCH2410_RS01235
104	RPHASCH2410_CH01305
105	RPHASCH2410_CH01310
106	RPHASCH2410_CH01315
107	RPHASCH2410_CH01320
108	RPHASCH2410_CH01325
109	RPHASCH2410_CH01330
110	RPHASCH2410_CH01410
111	RPHASCH2410_CH01415
112	RPHASCH2410_CH01425
113	RPHASCH2410_CH01435
114	RPHASCH2410_RS01375
115	RPHASCH2410_CH01445
116	RPHASCH2410_CH01450
117	RPHASCH2410_CH01455
118	RPHASCH2410_CH01460
119	RPHASCH2410_CH01465
120	RPHASCH2410_CH01470
121	RPHASCH2410_CH01475
122	RPHASCH2410_CH01480
123	RPHASCH2410_CH01485
124	RPHASCH2410_CH01490
125	RPHASCH2410_CH01510
126	RPHASCH2410_CH01515
127	RPHASCH2410_CH01520
128	RPHASCH2410_CH01530
129	RPHASCH2410_CH01535
130	RPHASCH2410_CH01545
131	RPHASCH2410_CH01555
132	RPHASCH2410_CH01560
133	RPHASCH2410_CH01565
134	RPHASCH2410_CH01570
135	RPHASCH2410_CH01580
136	RPHASCH2410_CH01590
137	RPHASCH2410_CH01600
138	RPHASCH2410_CH01605
139	RPHASCH2410_CH01610
140	RPHASCH2410_CH01615
141	RPHASCH2410_CH01620
142	RPHASCH2410_CH01625
143	RPHASCH2410_CH01630
144	RPHASCH2410_CH01635
145	RPHASCH2410_CH01645
146	RPHASCH2410_CH01650
147	RPHASCH2410_CH01655
148	RPHASCH2410_CH01675
149	RPHASCH2410_CH01680
150	RPHASCH2410_CH01685
151	RPHASCH2410_CH01705
152	RPHASCH2410_CH01710
153	RPHASCH2410_CH01715
154	RPHASCH2410_CH01735
155	RPHASCH2410_CH01745
156	RPHASCH2410_RS32270
157	RPHASCH2410_RS01685
158	RPHASCH2410_CH01760
159	RPHASCH2410_CH01765
160	RPHASCH2410_CH01770
161	RPHASCH2410_CH01775
162	RPHASCH2410_CH01780
163	RPHASCH2410_CH01785
164	RPHASCH2410_CH01790
165	RPHASCH2410_RS32275
166	RPHASCH2410_CH01800
167	RPHASCH2410_CH01805
168	RPHASCH2410_CH01815
169	RPHASCH2410_CH01820
170	RPHASCH2410_CH01825
171	RPHASCH2410_CH01835
172	RPHASCH2410_RS01770
173	RPHASCH2410_CH01840
174	RPHASCH2410_CH01845
175	RPHASCH2410_CH01850
176	RPHASCH2410_CH01855
177	RPHASCH2410_CH01860
178	RPHASCH2410_CH01865
179	RPHASCH2410_RS01800
180	RPHASCH2410_CH01870
181	RPHASCH2410_CH01875
182	RPHASCH2410_CH01880
183	RPHASCH2410_CH01890
184	RPHASCH2410_CH01895
185	RPHASCH2410_CH01900
186	RPHASCH2410_CH01905
187	RPHASCH2410_CH01910
188	RPHASCH2410_CH01920
189	RPHASCH2410_CH01925
190	RPHASCH2410_CH01930
191	RPHASCH2410_CH01945
192	RPHASCH2410_CH01960
193	RPHASCH2410_CH01995
194	RPHASCH2410_CH02000
195	RPHASCH2410_CH02020
196	RPHASCH2410_CH02025
197	RPHASCH2410_CH02035
198	RPHASCH2410_CH02045
199	RPHASCH2410_CH02060
200	RPHASCH2410_RS01990
201	RPHASCH2410_CH02065
202	RPHASCH2410_CH02070
203	RPHASCH2410_CH02085
204	RPHASCH2410_CH02095
205	RPHASCH2410_CH02100
206	RPHASCH2410_CH02110
207	RPHASCH2410_CH02115
208	RPHASCH2410_CH02120
209	RPHASCH2410_CH02125
210	RPHASCH2410_CH02135
211	RPHASCH2410_CH02140
212	RPHASCH2410_CH02145
213	RPHASCH2410_CH02150
214	RPHASCH2410_CH02155
215	RPHASCH2410_CH02170
216	RPHASCH2410_CH02180
217	RPHASCH2410_CH02200
218	RPHASCH2410_CH02205
219	RPHASCH2410_CH02210
220	RPHASCH2410_CH02215
221	RPHASCH2410_CH02220
222	RPHASCH2410_CH02225
223	RPHASCH2410_CH02230
224	RPHASCH2410_CH02240
225	RPHASCH2410_CH02245
226	RPHASCH2410_CH02265
227	RPHASCH2410_CH02270
228	RPHASCH2410_CH02275
229	RPHASCH2410_CH02295
230	RPHASCH2410_RS02230
231	RPHASCH2410_RS02240
232	RPHASCH2410_CH02315
233	RPHASCH2410_CH02320
234	RPHASCH2410_CH02325
235	RPHASCH2410_RS02260
236	RPHASCH2410_CH02330
237	RPHASCH2410_CH02335
238	RPHASCH2410_CH02345
239	RPHASCH2410_CH02365
240	RPHASCH2410_CH02375
241	RPHASCH2410_CH02385
242	RPHASCH2410_CH02390
243	RPHASCH2410_CH02395
244	RPHASCH2410_CH02400
245	RPHASCH2410_CH02405
246	RPHASCH2410_CH02410
247	RPHASCH2410_CH02420
248	RPHASCH2410_CH02425
249	RPHASCH2410_CH02435
250	RPHASCH2410_CH02440
251	RPHASCH2410_CH02445
252	RPHASCH2410_CH02465
253	RPHASCH2410_CH02530
254	RPHASCH2410_CH02535
255	RPHASCH2410_CH02540
256	RPHASCH2410_CH02545
257	RPHASCH2410_CH02560
258	RPHASCH2410_CH02565
259	RPHASCH2410_CH02595
260	RPHASCH2410_RS02540
261	RPHASCH2410_CH02625
262	RPHASCH2410_CH02630
263	RPHASCH2410_CH02645
264	RPHASCH2410_CH02650
265	RPHASCH2410_CH02655
266	RPHASCH2410_CH02660
267	RPHASCH2410_CH02665
268	RPHASCH2410_CH02670
269	RPHASCH2410_CH02675
270	RPHASCH2410_CH02700
271	RPHASCH2410_CH02705
272	RPHASCH2410_CH02710
273	RPHASCH2410_CH02725
274	RPHASCH2410_CH02740
275	RPHASCH2410_CH02755
276	RPHASCH2410_CH02765
277	RPHASCH2410_CH02795
278	RPHASCH2410_CH02805
279	RPHASCH2410_RS02730
280	RPHASCH2410_CH02815
281	RPHASCH2410_CH02820
282	RPHASCH2410_CH02830
283	RPHASCH2410_CH02835
284	RPHASCH2410_CH02840
285	RPHASCH2410_RS32315
286	RPHASCH2410_RS02760
287	RPHASCH2410_CH02845
288	RPHASCH2410_RS32320
289	RPHASCH2410_CH02855
290	RPHASCH2410_CH02860
291	RPHASCH2410_CH02865
292	RPHASCH2410_CH02870
293	RPHASCH2410_CH02875
294	RPHASCH2410_CH02880
295	RPHASCH2410_CH02885
296	RPHASCH2410_CH02900
297	RPHASCH2410_CH02905
298	RPHASCH2410_CH02935
299	RPHASCH2410_CH02940
300	RPHASCH2410_CH02970
301	RPHASCH2410_CH02975
302	RPHASCH2410_CH02980
303	RPHASCH2410_CH03000
304	RPHASCH2410_RS02920
305	RPHASCH2410_CH03015
306	RPHASCH2410_CH03025
307	RPHASCH2410_CH03040
308	RPHASCH2410_CH03045
309	RPHASCH2410_CH03050
310	RPHASCH2410_CH03115
311	RPHASCH2410_CH03120
312	RPHASCH2410_CH03125
313	RPHASCH2410_CH03150
314	RPHASCH2410_CH03155
315	RPHASCH2410_CH03160
316	RPHASCH2410_CH03165
317	RPHASCH2410_CH03175
318	RPHASCH2410_CH03180
319	RPHASCH2410_CH03195
320	RPHASCH2410_CH03200
321	RPHASCH2410_CH03205
322	RPHASCH2410_CH03210
323	RPHASCH2410_CH03225
324	RPHASCH2410_CH03230
325	RPHASCH2410_CH03255
326	RPHASCH2410_CH03260
327	RPHASCH2410_CH03270
328	RPHASCH2410_CH03275
329	RPHASCH2410_CH03300
330	RPHASCH2410_RS03205
331	RPHASCH2410_RS03215
332	RPHASCH2410_CH03325
333	RPHASCH2410_CH03330
334	RPHASCH2410_CH03335
335	RPHASCH2410_CH03360
336	RPHASCH2410_CH03365
337	RPHASCH2410_CH03370
338	RPHASCH2410_CH03375
339	RPHASCH2410_CH03380
340	RPHASCH2410_CH03385
341	RPHASCH2410_CH03405
342	RPHASCH2410_CH03410
343	RPHASCH2410_CH03420
344	RPHASCH2410_CH03435
345	RPHASCH2410_CH03440
346	RPHASCH2410_RS03340
347	RPHASCH2410_CH03450
348	RPHASCH2410_CH03455
349	RPHASCH2410_CH03460
350	RPHASCH2410_CH03465
351	RPHASCH2410_RS03380
352	RPHASCH2410_CH03495
353	RPHASCH2410_CH03510
354	RPHASCH2410_CH03515
355	RPHASCH2410_CH03525
356	RPHASCH2410_CH03535
357	RPHASCH2410_CH03540
358	RPHASCH2410_CH03550
359	RPHASCH2410_CH03555
360	RPHASCH2410_CH03560
361	RPHASCH2410_CH03565
362	RPHASCH2410_CH03570
363	RPHASCH2410_CH03580
364	RPHASCH2410_RS03475
365	RPHASCH2410_CH03590
366	RPHASCH2410_CH03595
367	RPHASCH2410_CH03600
368	RPHASCH2410_CH03605
369	RPHASCH2410_CH03630
370	RPHASCH2410_CH03640
371	RPHASCH2410_CH03645
372	RPHASCH2410_CH03650
373	RPHASCH2410_CH03665
374	RPHASCH2410_CH03670
375	RPHASCH2410_RS32325
376	RPHASCH2410_CH00430
377	RPHASCH2410_RS00665
378	RPHASCH2410_CH00725
379	RPHASCH2410_CH00985
380	RPHASCH2410_CH01010
381	RPHASCH2410_CH01030
382	RPHASCH2410_CH01575
383	RPHASCH2410_RS01740
384	RPHASCH2410_CH01830
385	RPHASCH2410_CH02055
386	RPHASCH2410_RS02190
387	RPHASCH2410_RS02215
388	RPHASCH2410_CH02300
389	RPHASCH2410_CH02800
390	RPHASCH2410_CH03545
391	RPHASCH2410_RS03565
392	RPHASCH2410_CH03675
393	RPHASCH2410_CH03680
394	RPHASCH2410_CH03690
395	RPHASCH2410_CH03695
396	RPHASCH2410_CH03700
397	RPHASCH2410_CH03705
398	RPHASCH2410_CH03710
399	RPHASCH2410_CH03715
400	RPHASCH2410_CH03725
401	RPHASCH2410_CH03735
402	RPHASCH2410_CH03740
403	RPHASCH2410_CH03745
404	RPHASCH2410_CH03750
405	RPHASCH2410_CH03755
406	RPHASCH2410_CH03760
407	RPHASCH2410_CH03765
408	RPHASCH2410_CH03770
409	RPHASCH2410_CH03780
410	RPHASCH2410_CH03790
411	RPHASCH2410_CH03795
412	RPHASCH2410_CH03800
413	RPHASCH2410_CH03810
414	RPHASCH2410_CH03815
415	RPHASCH2410_CH03825
416	RPHASCH2410_CH03835
417	RPHASCH2410_CH03840
418	RPHASCH2410_CH03850
419	RPHASCH2410_RS03730
420	RPHASCH2410_RS32340
421	RPHASCH2410_RS03735
422	RPHASCH2410_CH03855
423	RPHASCH2410_CH03865
424	RPHASCH2410_CH03880
425	RPHASCH2410_CH03890
426	RPHASCH2410_CH03920
427	RPHASCH2410_CH03945
428	RPHASCH2410_CH03950
429	RPHASCH2410_CH03955
430	RPHASCH2410_CH03960
431	RPHASCH2410_CH03965
432	RPHASCH2410_CH03970
433	RPHASCH2410_CH03975
434	RPHASCH2410_CH03980
435	RPHASCH2410_CH03995
436	RPHASCH2410_RS03880
437	RPHASCH2410_CH04005
438	RPHASCH2410_CH04010
439	RPHASCH2410_CH04015
440	RPHASCH2410_CH04025
441	RPHASCH2410_CH04030
442	RPHASCH2410_CH04045
443	RPHASCH2410_CH04050
444	RPHASCH2410_CH04055
445	RPHASCH2410_CH04070
446	RPHASCH2410_CH04075
447	RPHASCH2410_CH04080
448	RPHASCH2410_CH04085
449	RPHASCH2410_CH04090
450	RPHASCH2410_CH04095
451	RPHASCH2410_CH04110
452	RPHASCH2410_CH04115
453	RPHASCH2410_CH04120
454	RPHASCH2410_CH04125
455	RPHASCH2410_CH04140
456	RPHASCH2410_CH04145
457	RPHASCH2410_CH04150
458	RPHASCH2410_CH04160
459	RPHASCH2410_CH04175
460	RPHASCH2410_CH04180
461	RPHASCH2410_CH04195
462	RPHASCH2410_CH04200
463	RPHASCH2410_CH04205
464	RPHASCH2410_CH04210
465	RPHASCH2410_CH04215
466	RPHASCH2410_CH04220
467	RPHASCH2410_CH04225
468	RPHASCH2410_CH04235
469	RPHASCH2410_CH04240
470	RPHASCH2410_CH04245
471	RPHASCH2410_CH04270
472	RPHASCH2410_CH04275
473	RPHASCH2410_CH04280
474	RPHASCH2410_CH04285
475	RPHASCH2410_CH04295
476	RPHASCH2410_CH04305
477	RPHASCH2410_CH04310
478	RPHASCH2410_CH04315
479	RPHASCH2410_CH04320
480	RPHASCH2410_CH04325
481	RPHASCH2410_CH04330
482	RPHASCH2410_CH04335
483	RPHASCH2410_CH04370
484	RPHASCH2410_CH04375
485	RPHASCH2410_CH04380
486	RPHASCH2410_CH04385
487	RPHASCH2410_CH04390
488	RPHASCH2410_CH04405
489	RPHASCH2410_CH04410
490	RPHASCH2410_CH04435
491	RPHASCH2410_CH04440
492	RPHASCH2410_CH04450
493	RPHASCH2410_CH04460
494	RPHASCH2410_CH04465
495	RPHASCH2410_CH04470
496	RPHASCH2410_CH04485
497	RPHASCH2410_CH04505
498	RPHASCH2410_CH04510
499	RPHASCH2410_CH04525
500	RPHASCH2410_CH04545
501	RPHASCH2410_CH04550
502	RPHASCH2410_CH04555
503	RPHASCH2410_CH04560
504	RPHASCH2410_CH04565
505	RPHASCH2410_CH04570
506	RPHASCH2410_CH04580
507	RPHASCH2410_CH04585
508	RPHASCH2410_CH04595
509	RPHASCH2410_CH04600
510	RPHASCH2410_CH04605
511	RPHASCH2410_CH04615
512	RPHASCH2410_CH04630
513	RPHASCH2410_CH04635
514	RPHASCH2410_CH04650
515	RPHASCH2410_CH04655
516	RPHASCH2410_CH04690
517	RPHASCH2410_CH04695
518	RPHASCH2410_CH04700
519	RPHASCH2410_CH04715
520	RPHASCH2410_CH04720
521	RPHASCH2410_CH04725
522	RPHASCH2410_CH04745
523	RPHASCH2410_CH04750
524	RPHASCH2410_CH04755
525	RPHASCH2410_CH04760
526	RPHASCH2410_CH04780
527	RPHASCH2410_CH04785
528	RPHASCH2410_CH04790
529	RPHASCH2410_CH04800
530	RPHASCH2410_CH04805
531	RPHASCH2410_CH04810
532	RPHASCH2410_CH04815
533	RPHASCH2410_CH04820
534	RPHASCH2410_CH04830
535	RPHASCH2410_RS04705
536	RPHASCH2410_CH04840
537	RPHASCH2410_CH04845
538	RPHASCH2410_CH04850
539	RPHASCH2410_CH04860
540	RPHASCH2410_CH04865
541	RPHASCH2410_CH04870
542	RPHASCH2410_CH04875
543	RPHASCH2410_CH04880
544	RPHASCH2410_CH04890
545	RPHASCH2410_CH04900
546	RPHASCH2410_CH04915
547	RPHASCH2410_CH04920
548	RPHASCH2410_CH04925
549	RPHASCH2410_CH04935
550	RPHASCH2410_CH04940
551	RPHASCH2410_CH04945
552	RPHASCH2410_CH04950
553	RPHASCH2410_CH04955
554	RPHASCH2410_CH04970
555	RPHASCH2410_CH04975
556	RPHASCH2410_CH04980
557	RPHASCH2410_CH05000
558	RPHASCH2410_CH05005
559	RPHASCH2410_CH05020
560	RPHASCH2410_CH05025
561	RPHASCH2410_CH05035
562	RPHASCH2410_CH05055
563	RPHASCH2410_RS04930
564	RPHASCH2410_RS04935
565	RPHASCH2410_CH05075
566	RPHASCH2410_CH05080
567	RPHASCH2410_CH05090
568	RPHASCH2410_CH05100
569	RPHASCH2410_CH05110
570	RPHASCH2410_CH05115
571	RPHASCH2410_RS04995
572	RPHASCH2410_CH05130
573	RPHASCH2410_CH05135
574	RPHASCH2410_CH05140
575	RPHASCH2410_CH05145
576	RPHASCH2410_CH05165
577	RPHASCH2410_CH05175
578	RPHASCH2410_CH05180
579	RPHASCH2410_CH05185
580	RPHASCH2410_RS05065
581	RPHASCH2410_CH05195
582	RPHASCH2410_CH05200
583	RPHASCH2410_CH05205
584	RPHASCH2410_CH05215
585	RPHASCH2410_CH05220
586	RPHASCH2410_CH05225
587	RPHASCH2410_CH05230
588	RPHASCH2410_RS05115
589	RPHASCH2410_CH05240
590	RPHASCH2410_CH05250
591	RPHASCH2410_CH05270
592	RPHASCH2410_CH05275
593	RPHASCH2410_CH05280
594	RPHASCH2410_CH05285
595	RPHASCH2410_CH05295
596	RPHASCH2410_CH05300
597	RPHASCH2410_CH05310
598	RPHASCH2410_CH05340
599	RPHASCH2410_CH05360
600	RPHASCH2410_RS05250
601	RPHASCH2410_CH05380
602	RPHASCH2410_RS05305
603	RPHASCH2410_CH05415
604	RPHASCH2410_CH05420
605	RPHASCH2410_CH05425
606	RPHASCH2410_CH05440
607	RPHASCH2410_CH05445
608	RPHASCH2410_CH05450
609	RPHASCH2410_CH05455
610	RPHASCH2410_CH05510
611	RPHASCH2410_CH05515
612	RPHASCH2410_CH05520
613	RPHASCH2410_CH05545
614	RPHASCH2410_CH05550
615	RPHASCH2410_CH05575
616	RPHASCH2410_CH05580
617	RPHASCH2410_CH05590
618	RPHASCH2410_CH05610
619	RPHASCH2410_CH05615
620	RPHASCH2410_CH05625
621	RPHASCH2410_CH05630
622	RPHASCH2410_CH05640
623	RPHASCH2410_CH05645
624	RPHASCH2410_CH05650
625	RPHASCH2410_CH05655
626	RPHASCH2410_CH05660
627	RPHASCH2410_CH05670
628	RPHASCH2410_CH05675
629	RPHASCH2410_CH05680
630	RPHASCH2410_CH05685
631	RPHASCH2410_CH05700
632	RPHASCH2410_CH05705
633	RPHASCH2410_CH05710
634	RPHASCH2410_RS32365
635	RPHASCH2410_CH05720
636	RPHASCH2410_CH05725
637	RPHASCH2410_CH05730
638	RPHASCH2410_CH05735
639	RPHASCH2410_CH05740
640	RPHASCH2410_CH05745
641	RPHASCH2410_CH05755
642	RPHASCH2410_CH05760
643	RPHASCH2410_CH05765
644	RPHASCH2410_CH05770
645	RPHASCH2410_CH05775
646	RPHASCH2410_CH05780
647	RPHASCH2410_CH05810
648	RPHASCH2410_CH05825
649	RPHASCH2410_CH05830
650	RPHASCH2410_RS32375
651	RPHASCH2410_CH05865
652	RPHASCH2410_CH05875
653	RPHASCH2410_CH05880
654	RPHASCH2410_CH05885
655	RPHASCH2410_CH05890
656	RPHASCH2410_CH05895
657	RPHASCH2410_CH05910
658	RPHASCH2410_CH05920
659	RPHASCH2410_CH05930
660	RPHASCH2410_CH05935
661	RPHASCH2410_CH05940
662	RPHASCH2410_RS05860
663	RPHASCH2410_CH05975
664	RPHASCH2410_CH05980
665	RPHASCH2410_CH05985
666	RPHASCH2410_CH05990
667	RPHASCH2410_CH05995
668	RPHASCH2410_CH06005
669	RPHASCH2410_CH06010
670	RPHASCH2410_CH06025
671	RPHASCH2410_CH06030
672	RPHASCH2410_CH06055
673	RPHASCH2410_CH06065
674	RPHASCH2410_CH06070
675	RPHASCH2410_CH06075
676	RPHASCH2410_CH06090
677	RPHASCH2410_CH06100
678	RPHASCH2410_CH06105
679	RPHASCH2410_CH06110
680	RPHASCH2410_RS06020
681	RPHASCH2410_CH06130
682	RPHASCH2410_CH06135
683	RPHASCH2410_CH06140
684	RPHASCH2410_CH06150
685	RPHASCH2410_CH06155
686	RPHASCH2410_CH06160
687	RPHASCH2410_CH06170
688	RPHASCH2410_CH06175
689	RPHASCH2410_CH06180
690	RPHASCH2410_CH06185
691	RPHASCH2410_RS32160
692	RPHASCH2410_CH06205
693	RPHASCH2410_CH06215
694	RPHASCH2410_CH06220
695	RPHASCH2410_CH06230
696	RPHASCH2410_CH06235
697	RPHASCH2410_CH06240
698	RPHASCH2410_CH06245
699	RPHASCH2410_CH06250
700	RPHASCH2410_CH06260
701	RPHASCH2410_CH06265
702	RPHASCH2410_CH06270
703	RPHASCH2410_CH06275
704	RPHASCH2410_CH06310
705	RPHASCH2410_CH06315
706	RPHASCH2410_CH06320
707	RPHASCH2410_CH06325
708	RPHASCH2410_CH06335
709	RPHASCH2410_CH06370
710	RPHASCH2410_RS06260
711	RPHASCH2410_CH06380
712	RPHASCH2410_CH06385
713	RPHASCH2410_CH06390
714	RPHASCH2410_CH06400
715	RPHASCH2410_CH06415
716	RPHASCH2410_CH06420
717	RPHASCH2410_CH06425
718	RPHASCH2410_CH06430
719	RPHASCH2410_CH06440
720	RPHASCH2410_CH06450
721	RPHASCH2410_CH06460
722	RPHASCH2410_CH06465
723	RPHASCH2410_CH06490
724	RPHASCH2410_CH06505
725	RPHASCH2410_CH06510
726	RPHASCH2410_CH06520
727	RPHASCH2410_CH06545
728	RPHASCH2410_CH06555
729	RPHASCH2410_CH06565
730	RPHASCH2410_CH06575
731	RPHASCH2410_CH06580
732	RPHASCH2410_CH06585
733	RPHASCH2410_CH06590
734	RPHASCH2410_CH06595
735	RPHASCH2410_CH06600
736	RPHASCH2410_CH06605
737	RPHASCH2410_CH06610
738	RPHASCH2410_CH06625
739	RPHASCH2410_CH06630
740	RPHASCH2410_RS06515
741	RPHASCH2410_CH06640
742	RPHASCH2410_CH06645
743	RPHASCH2410_CH06650
744	RPHASCH2410_CH06660
745	RPHASCH2410_CH06665
746	RPHASCH2410_CH06680
747	RPHASCH2410_CH06685
748	RPHASCH2410_CH06695
749	RPHASCH2410_CH06700
750	RPHASCH2410_CH06705
751	RPHASCH2410_CH06710
752	RPHASCH2410_CH06715
753	RPHASCH2410_CH06720
754	RPHASCH2410_CH06725
755	RPHASCH2410_CH06730
756	RPHASCH2410_CH06770
757	RPHASCH2410_CH06785
758	RPHASCH2410_CH06790
759	RPHASCH2410_CH06820
760	RPHASCH2410_CH06825
761	RPHASCH2410_CH06845
762	RPHASCH2410_CH06855
763	RPHASCH2410_CH06860
764	RPHASCH2410_CH06865
765	RPHASCH2410_CH06870
766	RPHASCH2410_CH06875
767	RPHASCH2410_CH06880
768	RPHASCH2410_CH06885
769	RPHASCH2410_CH06935
770	RPHASCH2410_CH06940
771	RPHASCH2410_CH06965
772	RPHASCH2410_CH06975
773	RPHASCH2410_CH06980
774	RPHASCH2410_CH07030
775	RPHASCH2410_CH07035
776	RPHASCH2410_CH07045
777	RPHASCH2410_CH07060
778	RPHASCH2410_CH07065
779	RPHASCH2410_CH07085
780	RPHASCH2410_CH07120
781	RPHASCH2410_CH07125
782	RPHASCH2410_CH07130
783	RPHASCH2410_CH07135
784	RPHASCH2410_CH07160
785	RPHASCH2410_CH07165
786	RPHASCH2410_CH07195
787	RPHASCH2410_CH07200
788	RPHASCH2410_CH07205
789	RPHASCH2410_CH07230
790	RPHASCH2410_CH07245
791	RPHASCH2410_RS07120
792	RPHASCH2410_CH07255
793	RPHASCH2410_CH07265
794	RPHASCH2410_CH07270
795	RPHASCH2410_CH07275
796	RPHASCH2410_CH07280
797	RPHASCH2410_CH07290
798	RPHASCH2410_CH07295
799	RPHASCH2410_RS07175
800	RPHASCH2410_CH07305
801	RPHASCH2410_CH07310
802	RPHASCH2410_RS07190
803	RPHASCH2410_CH07330
804	RPHASCH2410_CH07335
805	RPHASCH2410_CH07345
806	RPHASCH2410_CH07360
807	RPHASCH2410_CH07370
808	RPHASCH2410_CH07390
809	RPHASCH2410_CH07395
810	RPHASCH2410_RS07275
811	RPHASCH2410_CH07405
812	RPHASCH2410_CH07420
813	RPHASCH2410_RS07300
814	RPHASCH2410_CH07430
815	RPHASCH2410_CH07440
816	RPHASCH2410_CH07445
817	RPHASCH2410_CH07450
818	RPHASCH2410_CH07465
819	RPHASCH2410_CH07470
820	RPHASCH2410_CH07475
821	RPHASCH2410_CH07480
822	RPHASCH2410_CH07485
823	RPHASCH2410_CH07490
824	RPHASCH2410_CH07495
825	RPHASCH2410_CH07500
826	RPHASCH2410_CH07515
827	RPHASCH2410_CH07530
828	RPHASCH2410_CH07535
829	RPHASCH2410_CH07545
830	RPHASCH2410_RS07420
831	RPHASCH2410_CH03775
832	RPHASCH2410_CH04660
833	RPHASCH2410_CH04680
834	RPHASCH2410_CH04825
835	RPHASCH2410_CH05210
836	RPHASCH2410_CH05965
837	RPHASCH2410_CH06435
838	RPHASCH2410_CH07095
839	RPHASCH2410_CH07115
840	RPHASCH2410_CH07300
841	RPHASCH2410_CH04670
842	RPHASCH2410_CH04685
843	RPHASCH2410_CH07090
844	RPHASCH2410_CH07105
845	RPHASCH2410_CH07565
846	RPHASCH2410_CH07570
847	RPHASCH2410_CH07580
848	RPHASCH2410_RS32390
849	RPHASCH2410_CH07585
850	RPHASCH2410_CH07590
851	RPHASCH2410_CH07600
852	RPHASCH2410_RS32400
853	RPHASCH2410_RS07480
854	RPHASCH2410_CH07620
855	RPHASCH2410_CH07625
856	RPHASCH2410_CH07630
857	RPHASCH2410_CH07635
858	RPHASCH2410_CH07640
859	RPHASCH2410_CH07645
860	RPHASCH2410_CH07650
861	RPHASCH2410_CH07655
862	RPHASCH2410_CH07660
863	RPHASCH2410_CH07675
864	RPHASCH2410_CH07685
865	RPHASCH2410_RS07560
866	RPHASCH2410_CH07700
867	RPHASCH2410_CH07705
868	RPHASCH2410_CH07710
869	RPHASCH2410_CH07715
870	RPHASCH2410_CH07720
871	RPHASCH2410_CH07725
872	RPHASCH2410_CH07730
873	RPHASCH2410_CH07735
874	RPHASCH2410_CH07760
875	RPHASCH2410_CH07765
876	RPHASCH2410_CH07785
877	RPHASCH2410_CH07805
878	RPHASCH2410_CH07840
879	RPHASCH2410_CH07845
880	RPHASCH2410_CH07860
881	RPHASCH2410_CH07870
882	RPHASCH2410_CH07875
883	RPHASCH2410_CH07880
884	RPHASCH2410_CH07885
885	RPHASCH2410_CH07905
886	RPHASCH2410_CH07910
887	RPHASCH2410_CH07915
888	RPHASCH2410_CH07920
889	RPHASCH2410_CH07925
890	RPHASCH2410_CH07940
891	RPHASCH2410_CH07950
892	RPHASCH2410_CH07990
893	RPHASCH2410_CH08005
894	RPHASCH2410_CH08015
895	RPHASCH2410_CH08020
896	RPHASCH2410_CH08025
897	RPHASCH2410_RS07935
898	RPHASCH2410_CH08075
899	RPHASCH2410_CH08080
900	RPHASCH2410_CH08085
901	RPHASCH2410_CH08110
902	RPHASCH2410_CH08115
903	RPHASCH2410_RS07985
904	RPHASCH2410_CH08125
905	RPHASCH2410_CH08130
906	RPHASCH2410_CH08145
907	RPHASCH2410_CH08150
908	RPHASCH2410_CH08155
909	RPHASCH2410_RS08025
910	RPHASCH2410_CH08170
911	RPHASCH2410_CH08175
912	RPHASCH2410_CH08180
913	RPHASCH2410_CH08190
914	RPHASCH2410_CH08205
915	RPHASCH2410_CH08210
916	RPHASCH2410_CH08215
917	RPHASCH2410_CH08225
918	RPHASCH2410_CH08230
919	RPHASCH2410_CH08240
920	RPHASCH2410_CH08245
921	RPHASCH2410_CH08250
922	RPHASCH2410_CH08255
923	RPHASCH2410_CH08260
924	RPHASCH2410_CH08265
925	RPHASCH2410_CH08295
926	RPHASCH2410_CH08300
927	RPHASCH2410_CH08305
928	RPHASCH2410_CH08310
929	RPHASCH2410_CH08315
930	RPHASCH2410_CH08325
931	RPHASCH2410_CH08330
932	RPHASCH2410_CH08340
933	RPHASCH2410_CH08345
934	RPHASCH2410_RS08210
935	RPHASCH2410_CH08355
936	RPHASCH2410_CH08365
937	RPHASCH2410_CH08370
938	RPHASCH2410_CH08375
939	RPHASCH2410_CH08380
940	RPHASCH2410_CH08385
941	RPHASCH2410_CH08395
942	RPHASCH2410_CH08400
943	RPHASCH2410_CH08405
944	RPHASCH2410_CH08410
945	RPHASCH2410_RS08275
946	RPHASCH2410_CH08425
947	RPHASCH2410_CH08440
948	RPHASCH2410_CH08445
949	RPHASCH2410_CH08450
950	RPHASCH2410_CH08455
951	RPHASCH2410_CH08470
952	RPHASCH2410_CH08475
953	RPHASCH2410_CH08495
954	RPHASCH2410_CH08500
955	RPHASCH2410_CH08505
956	RPHASCH2410_CH08525
957	RPHASCH2410_CH08530
958	RPHASCH2410_CH08540
959	RPHASCH2410_CH08560
960	RPHASCH2410_CH08570
961	RPHASCH2410_CH08575
962	RPHASCH2410_CH08585
963	RPHASCH2410_CH08590
964	RPHASCH2410_CH08595
965	RPHASCH2410_CH08600
966	RPHASCH2410_CH08610
967	RPHASCH2410_CH08620
968	RPHASCH2410_CH08625
969	RPHASCH2410_RS08470
970	RPHASCH2410_CH08630
971	RPHASCH2410_CH08640
972	RPHASCH2410_CH08645
973	RPHASCH2410_CH08655
974	RPHASCH2410_CH08665
975	RPHASCH2410_CH08670
976	RPHASCH2410_CH08675
977	RPHASCH2410_CH08680
978	RPHASCH2410_CH08685
979	RPHASCH2410_CH08700
980	RPHASCH2410_CH08725
981	RPHASCH2410_CH08730
982	RPHASCH2410_CH08740
983	RPHASCH2410_CH08745
984	RPHASCH2410_CH08755
985	RPHASCH2410_CH08765
986	RPHASCH2410_CH08770
987	RPHASCH2410_CH08790
988	RPHASCH2410_CH08795
989	RPHASCH2410_CH08805
990	RPHASCH2410_CH08810
991	RPHASCH2410_CH08825
992	RPHASCH2410_CH08830
993	RPHASCH2410_CH08835
994	RPHASCH2410_CH08855
995	RPHASCH2410_CH08875
996	RPHASCH2410_CH08880
997	RPHASCH2410_CH08885
998	RPHASCH2410_CH08890
999	RPHASCH2410_CH08895
1000	RPHASCH2410_CH08900
1001	RPHASCH2410_CH08910
1002	RPHASCH2410_CH08920
1003	RPHASCH2410_CH08925
1004	RPHASCH2410_CH08930
1005	RPHASCH2410_CH08935
1006	RPHASCH2410_CH08955
1007	RPHASCH2410_CH07935
1008	RPHASCH2410_CH08165
1009	RPHASCH2410_CH08960
1010	RPHASCH2410_CH08970
1011	RPHASCH2410_CH08980
1012	RPHASCH2410_CH08985
1013	RPHASCH2410_RS08840
1014	RPHASCH2410_CH09010
1015	RPHASCH2410_CH09020
1016	RPHASCH2410_CH09025
1017	RPHASCH2410_CH09030
1018	RPHASCH2410_CH09035
1019	RPHASCH2410_CH09045
1020	RPHASCH2410_CH09075
1021	RPHASCH2410_CH09080
1022	RPHASCH2410_CH09085
1023	RPHASCH2410_CH09090
1024	RPHASCH2410_CH09095
1025	RPHASCH2410_CH09110
1026	RPHASCH2410_CH09115
1027	RPHASCH2410_CH09120
1028	RPHASCH2410_CH09130
1029	RPHASCH2410_CH09135
1030	RPHASCH2410_CH09140
1031	RPHASCH2410_CH09145
1032	RPHASCH2410_CH09150
1033	RPHASCH2410_CH09155
1034	RPHASCH2410_CH09170
1035	RPHASCH2410_CH09175
1036	RPHASCH2410_RS09025
1037	RPHASCH2410_CH09200
1038	RPHASCH2410_RS09035
1039	RPHASCH2410_RS09040
1040	RPHASCH2410_CH09210
1041	RPHASCH2410_CH09215
1042	RPHASCH2410_CH09220
1043	RPHASCH2410_CH09225
1044	RPHASCH2410_CH09230
1045	RPHASCH2410_CH09235
1046	RPHASCH2410_CH09240
1047	RPHASCH2410_RS09080
1048	RPHASCH2410_CH09255
1049	RPHASCH2410_CH09275
1050	RPHASCH2410_CH09280
1051	RPHASCH2410_CH09285
1052	RPHASCH2410_CH09290
1053	RPHASCH2410_CH09295
1054	RPHASCH2410_CH09305
1055	RPHASCH2410_CH09310
1056	RPHASCH2410_CH09320
1057	RPHASCH2410_CH09335
1058	RPHASCH2410_CH09340
1059	RPHASCH2410_CH09360
1060	RPHASCH2410_CH09365
1061	RPHASCH2410_CH09370
1062	RPHASCH2410_CH09375
1063	RPHASCH2410_CH09380
1064	RPHASCH2410_CH09385
1065	RPHASCH2410_CH09395
1066	RPHASCH2410_CH09400
1067	RPHASCH2410_CH09405
1068	RPHASCH2410_CH09410
1069	RPHASCH2410_CH09415
1070	RPHASCH2410_CH09440
1071	RPHASCH2410_RS32410
1072	RPHASCH2410_CH09450
1073	RPHASCH2410_CH09490
1074	RPHASCH2410_CH09495
1075	RPHASCH2410_CH09500
1076	RPHASCH2410_CH09505
1077	RPHASCH2410_CH09510
1078	RPHASCH2410_CH09515
1079	RPHASCH2410_RS09330
1080	RPHASCH2410_CH09535
1081	RPHASCH2410_CH09545
1082	RPHASCH2410_CH09550
1083	RPHASCH2410_CH09555
1084	RPHASCH2410_CH09560
1085	RPHASCH2410_CH09565
1086	RPHASCH2410_CH09595
1087	RPHASCH2410_CH09600
1088	RPHASCH2410_CH09610
1089	RPHASCH2410_CH09615
1090	RPHASCH2410_CH09620
1091	RPHASCH2410_CH09625
1092	RPHASCH2410_CH09630
1093	RPHASCH2410_CH09640
1094	RPHASCH2410_CH09645
1095	RPHASCH2410_CH09185
1096	RPHASCH2410_CH09530
1097	RPHASCH2410_CH09635
1098	RPHASCH2410_RS09445
1099	RPHASCH2410_CH09660
1100	RPHASCH2410_CH09665
1101	RPHASCH2410_CH09675
1102	RPHASCH2410_CH09680
1103	RPHASCH2410_CH09685
1104	RPHASCH2410_CH09690
1105	RPHASCH2410_CH09710
1106	RPHASCH2410_CH09715
1107	RPHASCH2410_CH09720
1108	RPHASCH2410_CH09735
1109	RPHASCH2410_CH09740
1110	RPHASCH2410_CH09745
1111	RPHASCH2410_CH09755
1112	RPHASCH2410_CH09760
1113	RPHASCH2410_CH09770
1114	RPHASCH2410_CH09780
1115	RPHASCH2410_CH09785
1116	RPHASCH2410_CH09790
1117	RPHASCH2410_CH09795
1118	RPHASCH2410_CH09810
1119	RPHASCH2410_CH09815
1120	RPHASCH2410_CH09820
1121	RPHASCH2410_CH09825
1122	RPHASCH2410_CH09830
1123	RPHASCH2410_CH09835
1124	RPHASCH2410_CH09840
1125	RPHASCH2410_CH09845
1126	RPHASCH2410_CH09850
1127	RPHASCH2410_CH09855
1128	RPHASCH2410_CH09860
1129	RPHASCH2410_CH09865
1130	RPHASCH2410_CH09870
1131	RPHASCH2410_CH09875
1132	RPHASCH2410_CH09880
1133	RPHASCH2410_CH09885
1134	RPHASCH2410_CH09895
1135	RPHASCH2410_CH09900
1136	RPHASCH2410_CH09910
1137	RPHASCH2410_CH09915
1138	RPHASCH2410_CH09920
1139	RPHASCH2410_CH09925
1140	RPHASCH2410_CH09940
1141	RPHASCH2410_CH09975
1142	RPHASCH2410_CH09990
1143	RPHASCH2410_CH09995
1144	RPHASCH2410_CH10000
1145	RPHASCH2410_CH10005
1146	RPHASCH2410_CH10010
1147	RPHASCH2410_CH10015
1148	RPHASCH2410_CH10020
1149	RPHASCH2410_CH10025
1150	RPHASCH2410_CH10030
1151	RPHASCH2410_CH10035
1152	RPHASCH2410_CH10075
1153	RPHASCH2410_CH10080
1154	RPHASCH2410_RS09865
1155	RPHASCH2410_CH10085
1156	RPHASCH2410_CH10100
1157	RPHASCH2410_CH10105
1158	RPHASCH2410_CH10120
1159	RPHASCH2410_CH10125
1160	RPHASCH2410_CH10130
1161	RPHASCH2410_CH10140
1162	RPHASCH2410_CH10145
1163	RPHASCH2410_CH10160
1164	RPHASCH2410_CH10165
1165	RPHASCH2410_RS09955
1166	RPHASCH2410_CH10170
1167	RPHASCH2410_CH10180
1168	RPHASCH2410_CH10185
1169	RPHASCH2410_CH10195
1170	RPHASCH2410_CH10200
1171	RPHASCH2410_RS32425
1172	RPHASCH2410_RS32430
1173	RPHASCH2410_CH10205
1174	RPHASCH2410_CH10215
1175	RPHASCH2410_CH10220
1176	RPHASCH2410_CH10265
1177	RPHASCH2410_CH10270
1178	RPHASCH2410_CH10305
1179	RPHASCH2410_CH10310
1180	RPHASCH2410_CH10325
1181	RPHASCH2410_CH10375
1182	RPHASCH2410_CH10380
1183	RPHASCH2410_CH10385
1184	RPHASCH2410_CH10405
1185	RPHASCH2410_CH10430
1186	RPHASCH2410_CH10435
1187	RPHASCH2410_CH10490
1188	RPHASCH2410_CH10500
1189	RPHASCH2410_CH10510
1190	RPHASCH2410_CH10515
1191	RPHASCH2410_CH10525
1192	RPHASCH2410_CH10550
1193	RPHASCH2410_CH10565
1194	RPHASCH2410_CH10575
1195	RPHASCH2410_CH10580
1196	RPHASCH2410_CH10590
1197	RPHASCH2410_CH10600
1198	RPHASCH2410_CH10605
1199	RPHASCH2410_CH10615
1200	RPHASCH2410_CH10620
1201	RPHASCH2410_CH10625
1202	RPHASCH2410_CH10645
1203	RPHASCH2410_CH10655
1204	RPHASCH2410_CH10660
1205	RPHASCH2410_CH10665
1206	RPHASCH2410_RS10445
1207	RPHASCH2410_CH09905
1208	RPHASCH2410_CH09955
1209	RPHASCH2410_CH10670
1210	RPHASCH2410_CH10680
1211	RPHASCH2410_CH10685
1212	RPHASCH2410_CH10700
1213	RPHASCH2410_CH10705
1214	RPHASCH2410_CH10710
1215	RPHASCH2410_CH10715
1216	RPHASCH2410_CH10745
1217	RPHASCH2410_CH10755
1218	RPHASCH2410_CH10760
1219	RPHASCH2410_CH10780
1220	RPHASCH2410_CH10810
1221	RPHASCH2410_RS10635
1222	RPHASCH2410_CH10890
1223	RPHASCH2410_CH10905
1224	RPHASCH2410_CH10920
1225	RPHASCH2410_CH10925
1226	RPHASCH2410_CH10930
1227	RPHASCH2410_CH10940
1228	RPHASCH2410_CH10945
1229	RPHASCH2410_CH10950
1230	RPHASCH2410_CH10955
1231	RPHASCH2410_CH10960
1232	RPHASCH2410_CH10965
1233	RPHASCH2410_CH10970
1234	RPHASCH2410_CH10975
1235	RPHASCH2410_CH10985
1236	RPHASCH2410_CH10990
1237	RPHASCH2410_CH10995
1238	RPHASCH2410_CH11000
1239	RPHASCH2410_CH11020
1240	RPHASCH2410_CH11030
1241	RPHASCH2410_CH11035
1242	RPHASCH2410_CH11045
1243	RPHASCH2410_CH11050
1244	RPHASCH2410_CH11055
1245	RPHASCH2410_CH11065
1246	RPHASCH2410_CH11070
1247	RPHASCH2410_CH11085
1248	RPHASCH2410_CH11090
1249	RPHASCH2410_CH11095
1250	RPHASCH2410_CH11110
1251	RPHASCH2410_CH11115
1252	RPHASCH2410_CH11130
1253	RPHASCH2410_CH11135
1254	RPHASCH2410_CH11140
1255	RPHASCH2410_CH11145
1256	RPHASCH2410_CH11150
1257	RPHASCH2410_CH11170
1258	RPHASCH2410_CH11175
1259	RPHASCH2410_CH11180
1260	RPHASCH2410_CH11185
1261	RPHASCH2410_CH11190
1262	RPHASCH2410_CH11195
1263	RPHASCH2410_CH11205
1264	RPHASCH2410_RS10955
1265	RPHASCH2410_CH11215
1266	RPHASCH2410_CH11220
1267	RPHASCH2410_CH11225
1268	RPHASCH2410_CH11235
1269	RPHASCH2410_CH11255
1270	RPHASCH2410_CH11260
1271	RPHASCH2410_CH11270
1272	RPHASCH2410_RS11015
1273	RPHASCH2410_CH11285
1274	RPHASCH2410_CH11295
1275	RPHASCH2410_CH11300
1276	RPHASCH2410_CH11330
1277	RPHASCH2410_CH11335
1278	RPHASCH2410_RS11080
1279	RPHASCH2410_CH11360
1280	RPHASCH2410_CH11365
1281	RPHASCH2410_CH11375
1282	RPHASCH2410_CH11380
1283	RPHASCH2410_CH11390
1284	RPHASCH2410_RS11140
1285	RPHASCH2410_RS10650
1286	RPHASCH2410_RS11145
1287	RPHASCH2410_CH11400
1288	RPHASCH2410_CH11405
1289	RPHASCH2410_CH11415
1290	RPHASCH2410_CH11420
1291	RPHASCH2410_CH11425
1292	RPHASCH2410_CH11430
1293	RPHASCH2410_CH11435
1294	RPHASCH2410_CH11450
1295	RPHASCH2410_CH11460
1296	RPHASCH2410_CH11465
1297	RPHASCH2410_CH11470
1298	RPHASCH2410_CH11475
1299	RPHASCH2410_CH11485
1300	RPHASCH2410_CH11490
1301	RPHASCH2410_CH11495
1302	RPHASCH2410_CH11500
1303	RPHASCH2410_CH11505
1304	RPHASCH2410_CH11510
1305	RPHASCH2410_CH11515
1306	RPHASCH2410_CH11525
1307	RPHASCH2410_CH11530
1308	RPHASCH2410_CH11535
1309	RPHASCH2410_CH11545
1310	RPHASCH2410_CH11550
1311	RPHASCH2410_CH11555
1312	RPHASCH2410_CH11560
1313	RPHASCH2410_CH11570
1314	RPHASCH2410_CH11580
1315	RPHASCH2410_CH11585
1316	RPHASCH2410_CH11590
1317	RPHASCH2410_CH11595
1318	RPHASCH2410_CH11605
1319	RPHASCH2410_CH11610
1320	RPHASCH2410_CH11630
1321	RPHASCH2410_CH11635
1322	RPHASCH2410_CH11640
1323	RPHASCH2410_CH11645
1324	RPHASCH2410_CH11650
1325	RPHASCH2410_CH11665
1326	RPHASCH2410_CH11675
1327	RPHASCH2410_CH11685
1328	RPHASCH2410_CH11690
1329	RPHASCH2410_CH11695
1330	RPHASCH2410_CH11705
1331	RPHASCH2410_CH11710
1332	RPHASCH2410_CH11715
1333	RPHASCH2410_CH11720
1334	RPHASCH2410_CH11725
1335	RPHASCH2410_CH11730
1336	RPHASCH2410_CH11735
1337	RPHASCH2410_CH11745
1338	RPHASCH2410_CH11755
1339	RPHASCH2410_RS11490
1340	RPHASCH2410_CH11765
1341	RPHASCH2410_RS11525
1342	RPHASCH2410_CH11800
1343	RPHASCH2410_CH11805
1344	RPHASCH2410_CH11815
1345	RPHASCH2410_CH11820
1346	RPHASCH2410_CH11830
1347	RPHASCH2410_CH11840
1348	RPHASCH2410_CH11845
1349	RPHASCH2410_CH11850
1350	RPHASCH2410_CH11855
1351	RPHASCH2410_CH11860
1352	RPHASCH2410_CH11870
1353	RPHASCH2410_CH11885
1354	RPHASCH2410_CH11890
1355	RPHASCH2410_CH11910
1356	RPHASCH2410_CH11920
1357	RPHASCH2410_CH11925
1358	RPHASCH2410_CH11930
1359	RPHASCH2410_CH11935
1360	RPHASCH2410_CH11950
1361	RPHASCH2410_CH11955
1362	RPHASCH2410_CH11960
1363	RPHASCH2410_CH11970
1364	RPHASCH2410_CH11975
1365	RPHASCH2410_CH11990
1366	RPHASCH2410_CH11995
1367	RPHASCH2410_CH12000
1368	RPHASCH2410_CH12005
1369	RPHASCH2410_CH12025
1370	RPHASCH2410_CH12035
1371	RPHASCH2410_CH12040
1372	RPHASCH2410_CH12045
1373	RPHASCH2410_CH12050
1374	RPHASCH2410_CH12060
1375	RPHASCH2410_CH12065
1376	RPHASCH2410_RS11790
1377	RPHASCH2410_CH12075
1378	RPHASCH2410_CH12080
1379	RPHASCH2410_CH12085
1380	RPHASCH2410_CH12090
1381	RPHASCH2410_CH12105
1382	RPHASCH2410_CH12115
1383	RPHASCH2410_CH12110
1384	RPHASCH2410_CH12130
1385	RPHASCH2410_CH12135
1386	RPHASCH2410_CH12140
1387	RPHASCH2410_CH12150
1388	RPHASCH2410_RS32465
1389	RPHASCH2410_CH12160
1390	RPHASCH2410_CH12165
1391	RPHASCH2410_CH12170
1392	RPHASCH2410_CH12180
1393	RPHASCH2410_RS11905
1394	RPHASCH2410_CH12195
1395	RPHASCH2410_CH12205
1396	RPHASCH2410_CH12210
1397	RPHASCH2410_RS11920
1398	RPHASCH2410_CH12175
1399	RPHASCH2410_CH12240
1400	RPHASCH2410_CH12245
1401	RPHASCH2410_CH12250
1402	RPHASCH2410_CH12255
1403	RPHASCH2410_RS11970
1404	RPHASCH2410_CH12270
1405	RPHASCH2410_CH12275
1406	RPHASCH2410_CH12285
1407	RPHASCH2410_CH12295
1408	RPHASCH2410_CH12300
1409	RPHASCH2410_CH12305
1410	RPHASCH2410_CH12310
1411	RPHASCH2410_CH12325
1412	RPHASCH2410_CH12330
1413	RPHASCH2410_CH12335
1414	RPHASCH2410_CH12340
1415	RPHASCH2410_CH12350
1416	RPHASCH2410_CH12355
1417	RPHASCH2410_RS12050
1418	RPHASCH2410_CH12365
1419	RPHASCH2410_CH12370
1420	RPHASCH2410_CH12375
1421	RPHASCH2410_CH12380
1422	RPHASCH2410_CH12385
1423	RPHASCH2410_RS12080
1424	RPHASCH2410_CH12395
1425	RPHASCH2410_CH12400
1426	RPHASCH2410_RS12095
1427	RPHASCH2410_CH12410
1428	RPHASCH2410_CH12415
1429	RPHASCH2410_CH12420
1430	RPHASCH2410_CH12425
1431	RPHASCH2410_CH12430
1432	RPHASCH2410_CH12435
1433	RPHASCH2410_CH12440
1434	RPHASCH2410_CH12470
1435	RPHASCH2410_CH12475
1436	RPHASCH2410_CH12485
1437	RPHASCH2410_CH12495
1438	RPHASCH2410_CH12505
1439	RPHASCH2410_CH12510
1440	RPHASCH2410_CH12515
1441	RPHASCH2410_CH12520
1442	RPHASCH2410_RS12205
1443	RPHASCH2410_CH12530
1444	RPHASCH2410_CH12535
1445	RPHASCH2410_RS12220
1446	RPHASCH2410_RS12225
1447	RPHASCH2410_CH12560
1448	RPHASCH2410_CH12565
1449	RPHASCH2410_CH12570
1450	RPHASCH2410_CH12580
1451	RPHASCH2410_CH12600
1452	RPHASCH2410_CH12605
1453	RPHASCH2410_CH12610
1454	RPHASCH2410_CH12620
1455	RPHASCH2410_CH12625
1456	RPHASCH2410_CH12630
1457	RPHASCH2410_CH12635
1458	RPHASCH2410_CH12640
1459	RPHASCH2410_CH12645
1460	RPHASCH2410_CH12650
1461	RPHASCH2410_CH12655
1462	RPHASCH2410_CH12660
1463	RPHASCH2410_CH12670
1464	RPHASCH2410_CH12675
1465	RPHASCH2410_CH12680
1466	RPHASCH2410_CH12685
1467	RPHASCH2410_CH12690
1468	RPHASCH2410_CH12700
1469	RPHASCH2410_CH12710
1470	RPHASCH2410_CH12715
1471	RPHASCH2410_CH12720
1472	RPHASCH2410_CH12725
1473	RPHASCH2410_CH12730
1474	RPHASCH2410_CH12735
1475	RPHASCH2410_CH12750
1476	RPHASCH2410_CH12765
1477	RPHASCH2410_CH12775
1478	RPHASCH2410_CH12780
1479	RPHASCH2410_CH12790
1480	RPHASCH2410_CH12795
1481	RPHASCH2410_CH12800
1482	RPHASCH2410_CH12805
1483	RPHASCH2410_CH12810
1484	RPHASCH2410_CH12815
1485	RPHASCH2410_CH12825
1486	RPHASCH2410_RS32495
1487	RPHASCH2410_CH12830
1488	RPHASCH2410_CH12840
1489	RPHASCH2410_CH12845
1490	RPHASCH2410_CH12850
1491	RPHASCH2410_CH12855
1492	RPHASCH2410_CH12860
1493	RPHASCH2410_CH12865
1494	RPHASCH2410_CH12870
1495	RPHASCH2410_CH12875
1496	RPHASCH2410_CH12885
1497	RPHASCH2410_CH12890
1498	RPHASCH2410_CH12895
1499	RPHASCH2410_CH12900
1500	RPHASCH2410_CH12905
1501	RPHASCH2410_CH12910
1502	RPHASCH2410_CH12915
1503	RPHASCH2410_CH12920
1504	RPHASCH2410_CH12930
1505	RPHASCH2410_CH12935
1506	RPHASCH2410_CH12940
1507	RPHASCH2410_CH12945
1508	RPHASCH2410_CH12950
1509	RPHASCH2410_CH12960
1510	RPHASCH2410_CH12965
1511	RPHASCH2410_CH12970
1512	RPHASCH2410_CH12975
1513	RPHASCH2410_CH12980
1514	RPHASCH2410_CH12985
1515	RPHASCH2410_CH12990
1516	RPHASCH2410_CH12995
1517	RPHASCH2410_CH13000
1518	RPHASCH2410_CH13015
1519	RPHASCH2410_CH13020
1520	RPHASCH2410_CH13030
1521	RPHASCH2410_CH13035
1522	RPHASCH2410_CH13040
1523	RPHASCH2410_CH13045
1524	RPHASCH2410_CH13055
1525	RPHASCH2410_CH13060
1526	RPHASCH2410_CH13065
1527	RPHASCH2410_CH13075
1528	RPHASCH2410_CH13080
1529	RPHASCH2410_CH13085
1530	RPHASCH2410_CH13090
1531	RPHASCH2410_CH13095
1532	RPHASCH2410_CH13100
1533	RPHASCH2410_CH13105
1534	RPHASCH2410_CH13110
1535	RPHASCH2410_CH13115
1536	RPHASCH2410_CH13125
1537	RPHASCH2410_CH13130
1538	RPHASCH2410_CH13140
1539	RPHASCH2410_CH13145
1540	RPHASCH2410_CH13155
1541	RPHASCH2410_CH13160
1542	RPHASCH2410_CH13165
1543	RPHASCH2410_CH13170
1544	RPHASCH2410_CH13185
1545	RPHASCH2410_CH13205
1546	RPHASCH2410_CH13210
1547	RPHASCH2410_CH13215
1548	RPHASCH2410_CH13220
1549	RPHASCH2410_CH13230
1550	RPHASCH2410_CH13240
1551	RPHASCH2410_CH13260
1552	RPHASCH2410_CH13265
1553	RPHASCH2410_CH13270
1554	RPHASCH2410_CH13275
1555	RPHASCH2410_CH13280
1556	RPHASCH2410_CH13285
1557	RPHASCH2410_CH13295
1558	RPHASCH2410_RS12950
1559	RPHASCH2410_CH13310
1560	RPHASCH2410_CH13315
1561	RPHASCH2410_CH13320
1562	RPHASCH2410_CH13325
1563	RPHASCH2410_CH13330
1564	RPHASCH2410_CH13335
1565	RPHASCH2410_CH13360
1566	RPHASCH2410_CH13370
1567	RPHASCH2410_CH13380
1568	RPHASCH2410_CH13395
1569	RPHASCH2410_RS32500
1570	RPHASCH2410_RS13050
1571	RPHASCH2410_CH13420
1572	RPHASCH2410_CH13435
1573	RPHASCH2410_CH13440
1574	RPHASCH2410_CH13445
1575	RPHASCH2410_RS32505
1576	RPHASCH2410_CH13455
1577	RPHASCH2410_CH13460
1578	RPHASCH2410_CH13465
1579	RPHASCH2410_CH13470
1580	RPHASCH2410_CH13475
1581	RPHASCH2410_CH13485
1582	RPHASCH2410_CH13490
1583	RPHASCH2410_CH13495
1584	RPHASCH2410_CH13500
1585	RPHASCH2410_CH13505
1586	RPHASCH2410_CH13510
1587	RPHASCH2410_CH13515
1588	RPHASCH2410_CH13520
1589	RPHASCH2410_CH13525
1590	RPHASCH2410_CH13535
1591	RPHASCH2410_CH13540
1592	RPHASCH2410_CH13545
1593	RPHASCH2410_CH13565
1594	RPHASCH2410_CH13570
1595	RPHASCH2410_CH13590
1596	RPHASCH2410_CH13595
1597	RPHASCH2410_CH13600
1598	RPHASCH2410_RS13235
1599	RPHASCH2410_CH13610
1600	RPHASCH2410_CH13615
1601	RPHASCH2410_CH13620
1602	RPHASCH2410_CH13625
1603	RPHASCH2410_CH13630
1604	RPHASCH2410_CH13635
1605	RPHASCH2410_CH13640
1606	RPHASCH2410_RS32510
1607	RPHASCH2410_CH13645
1608	RPHASCH2410_CH13655
1609	RPHASCH2410_CH13660
1610	RPHASCH2410_CH13670
1611	RPHASCH2410_CH13675
1612	RPHASCH2410_CH13700
1613	RPHASCH2410_CH13705
1614	RPHASCH2410_CH13720
1615	RPHASCH2410_CH13730
1616	RPHASCH2410_CH13735
1617	RPHASCH2410_CH13740
1618	RPHASCH2410_CH13745
1619	RPHASCH2410_CH13750
1620	RPHASCH2410_CH13760
1621	RPHASCH2410_CH13765
1622	RPHASCH2410_CH13775
1623	RPHASCH2410_CH13790
1624	RPHASCH2410_CH13795
1625	RPHASCH2410_CH13800
1626	RPHASCH2410_CH13805
1627	RPHASCH2410_CH13815
1628	RPHASCH2410_CH13820
1629	RPHASCH2410_CH13825
1630	RPHASCH2410_CH13830
1631	RPHASCH2410_CH13850
1632	RPHASCH2410_CH13860
1633	RPHASCH2410_CH13865
1634	RPHASCH2410_RS13485
1635	RPHASCH2410_CH13875
1636	RPHASCH2410_CH13880
1637	RPHASCH2410_CH13890
1638	RPHASCH2410_CH13895
1639	RPHASCH2410_CH13900
1640	RPHASCH2410_CH13905
1641	RPHASCH2410_CH13910
1642	RPHASCH2410_CH13915
1643	RPHASCH2410_CH13925
1644	RPHASCH2410_CH13930
1645	RPHASCH2410_CH13965
1646	RPHASCH2410_CH13975
1647	RPHASCH2410_CH13995
1648	RPHASCH2410_CH14000
1649	RPHASCH2410_RS13625
1650	RPHASCH2410_CH14030
1651	RPHASCH2410_RS32525
1652	RPHASCH2410_CH14040
1653	RPHASCH2410_CH14100
1654	RPHASCH2410_CH14105
1655	RPHASCH2410_CH14110
1656	RPHASCH2410_CH14120
1657	RPHASCH2410_CH14125
1658	RPHASCH2410_CH14160
1659	RPHASCH2410_CH14165
1660	RPHASCH2410_CH14170
1661	RPHASCH2410_CH14175
1662	RPHASCH2410_CH14180
1663	RPHASCH2410_CH14185
1664	RPHASCH2410_CH14190
1665	RPHASCH2410_CH14200
1666	RPHASCH2410_CH14205
1667	RPHASCH2410_CH14210
1668	RPHASCH2410_RS32530
1669	RPHASCH2410_CH14230
1670	RPHASCH2410_CH14235
1671	RPHASCH2410_CH14245
1672	RPHASCH2410_CH14250
1673	RPHASCH2410_CH14260
1674	RPHASCH2410_CH14270
1675	RPHASCH2410_CH14275
1676	RPHASCH2410_CH14285
1677	RPHASCH2410_CH14295
1678	RPHASCH2410_CH14300
1679	RPHASCH2410_CH14305
1680	RPHASCH2410_CH14310
1681	RPHASCH2410_RS13925
1682	RPHASCH2410_CH14330
1683	RPHASCH2410_CH14335
1684	RPHASCH2410_CH14340
1685	RPHASCH2410_CH14350
1686	RPHASCH2410_CH14360
1687	RPHASCH2410_CH14365
1688	RPHASCH2410_CH14370
1689	RPHASCH2410_RS13990
1690	RPHASCH2410_CH14380
1691	RPHASCH2410_RS14000
1692	RPHASCH2410_CH14390
1693	RPHASCH2410_CH14395
1694	RPHASCH2410_CH14400
1695	RPHASCH2410_RS14020
1696	RPHASCH2410_RS14030
1697	RPHASCH2410_CH14415
1698	RPHASCH2410_RS14040
1699	RPHASCH2410_CH14425
1700	RPHASCH2410_CH14430
1701	RPHASCH2410_CH14435
1702	RPHASCH2410_CH14475
1703	RPHASCH2410_CH14480
1704	RPHASCH2410_CH14490
1705	RPHASCH2410_CH14495
1706	RPHASCH2410_CH14500
1707	RPHASCH2410_CH14510
1708	RPHASCH2410_CH14515
1709	RPHASCH2410_CH14525
1710	RPHASCH2410_CH14535
1711	RPHASCH2410_CH14540
1712	RPHASCH2410_CH14545
1713	RPHASCH2410_CH14570
1714	RPHASCH2410_CH14575
1715	RPHASCH2410_CH14580
1716	RPHASCH2410_CH14585
1717	RPHASCH2410_RS14210
1718	RPHASCH2410_CH13715
1719	RPHASCH2410_CH14595
1720	RPHASCH2410_CH14610
1721	RPHASCH2410_RS32535
1722	RPHASCH2410_RS32540
1723	RPHASCH2410_CH14620
1724	RPHASCH2410_CH14625
1725	RPHASCH2410_CH14630
1726	RPHASCH2410_CH14635
1727	RPHASCH2410_CH14645
1728	RPHASCH2410_CH14650
1729	RPHASCH2410_CH14655
1730	RPHASCH2410_CH14660
1731	RPHASCH2410_CH14665
1732	RPHASCH2410_CH14675
1733	RPHASCH2410_CH14685
1734	RPHASCH2410_CH14690
1735	RPHASCH2410_CH14695
1736	RPHASCH2410_CH14700
1737	RPHASCH2410_CH14705
1738	RPHASCH2410_CH14710
1739	RPHASCH2410_CH14715
1740	RPHASCH2410_CH14720
1741	RPHASCH2410_CH14725
1742	RPHASCH2410_CH14730
1743	RPHASCH2410_CH14735
1744	RPHASCH2410_CH14740
1745	RPHASCH2410_CH14760
1746	RPHASCH2410_CH14765
1747	RPHASCH2410_CH14770
1748	RPHASCH2410_CH14780
1749	RPHASCH2410_CH14785
1750	RPHASCH2410_CH14795
1751	RPHASCH2410_CH14800
1752	RPHASCH2410_CH14825
1753	RPHASCH2410_CH14830
1754	RPHASCH2410_CH14835
1755	RPHASCH2410_CH14840
1756	RPHASCH2410_CH14845
1757	RPHASCH2410_CH14850
1758	RPHASCH2410_CH14855
1759	RPHASCH2410_CH14875
1760	RPHASCH2410_CH14880
1761	RPHASCH2410_CH14885
1762	RPHASCH2410_CH14890
1763	RPHASCH2410_CH14895
1764	RPHASCH2410_CH14900
1765	RPHASCH2410_CH14910
1766	RPHASCH2410_RS14535
1767	RPHASCH2410_CH14920
1768	RPHASCH2410_CH14930
1769	RPHASCH2410_CH14935
1770	RPHASCH2410_CH14940
1771	RPHASCH2410_CH14960
1772	RPHASCH2410_CH14965
1773	RPHASCH2410_CH14970
1774	RPHASCH2410_CH14975
1775	RPHASCH2410_CH14980
1776	RPHASCH2410_CH14990
1777	RPHASCH2410_CH15005
1778	RPHASCH2410_CH15010
1779	RPHASCH2410_CH15015
1780	RPHASCH2410_CH15055
1781	RPHASCH2410_CH15060
1782	RPHASCH2410_CH15065
1783	RPHASCH2410_CH15070
1784	RPHASCH2410_CH15075
1785	RPHASCH2410_CH15085
1786	RPHASCH2410_CH15090
1787	RPHASCH2410_CH15095
1788	RPHASCH2410_CH15100
1789	RPHASCH2410_CH15110
1790	RPHASCH2410_CH15115
1791	RPHASCH2410_CH15120
1792	RPHASCH2410_CH15140
1793	RPHASCH2410_CH15150
1794	RPHASCH2410_CH15155
1795	RPHASCH2410_CH15170
1796	RPHASCH2410_CH15175
1797	RPHASCH2410_CH15180
1798	RPHASCH2410_CH15185
1799	RPHASCH2410_CH15190
1800	RPHASCH2410_CH15195
1801	RPHASCH2410_CH15200
1802	RPHASCH2410_CH15220
1803	RPHASCH2410_CH15230
1804	RPHASCH2410_CH15235
1805	RPHASCH2410_CH15240
1806	RPHASCH2410_RS14860
1807	RPHASCH2410_CH15245
1808	RPHASCH2410_CH15250
1809	RPHASCH2410_CH15265
1810	RPHASCH2410_CH15270
1811	RPHASCH2410_CH15275
1812	RPHASCH2410_CH15285
1813	RPHASCH2410_CH15290
1814	RPHASCH2410_RS14905
1815	RPHASCH2410_RS14910
1816	RPHASCH2410_CH15305
1817	RPHASCH2410_RS14920
1818	RPHASCH2410_CH15320
1819	RPHASCH2410_CH15325
1820	RPHASCH2410_CH15335
1821	RPHASCH2410_CH15340
1822	RPHASCH2410_CH15345
1823	RPHASCH2410_CH15380
1824	RPHASCH2410_RS14995
1825	RPHASCH2410_CH15390
1826	RPHASCH2410_CH15415
1827	RPHASCH2410_CH15420
1828	RPHASCH2410_CH15425
1829	RPHASCH2410_RS32550
1830	RPHASCH2410_CH15430
1831	RPHASCH2410_CH15485
1832	RPHASCH2410_CH15495
1833	RPHASCH2410_CH15505
1834	RPHASCH2410_CH15510
1835	RPHASCH2410_CH15515
1836	RPHASCH2410_CH15530
1837	RPHASCH2410_CH15540
1838	RPHASCH2410_CH15545
1839	RPHASCH2410_CH15550
1840	RPHASCH2410_CH15555
1841	RPHASCH2410_CH15560
1842	RPHASCH2410_CH15565
1843	RPHASCH2410_CH15570
1844	RPHASCH2410_CH15580
1845	RPHASCH2410_CH15585
1846	RPHASCH2410_CH15590
1847	RPHASCH2410_CH15600
1848	RPHASCH2410_CH15605
1849	RPHASCH2410_CH15610
1850	RPHASCH2410_CH15615
1851	RPHASCH2410_CH15620
1852	RPHASCH2410_CH15625
1853	RPHASCH2410_CH15650
1854	RPHASCH2410_CH15655
1855	RPHASCH2410_CH15665
1856	RPHASCH2410_CH15675
1857	RPHASCH2410_CH15680
1858	RPHASCH2410_RS32570
1859	RPHASCH2410_CH15700
1860	RPHASCH2410_CH15705
1861	RPHASCH2410_CH15710
1862	RPHASCH2410_CH15715
1863	RPHASCH2410_CH15740
1864	RPHASCH2410_CH15755
1865	RPHASCH2410_CH15760
1866	RPHASCH2410_CH15765
1867	RPHASCH2410_CH15770
1868	RPHASCH2410_CH15805
1869	RPHASCH2410_CH15820
1870	RPHASCH2410_CH15825
1871	RPHASCH2410_CH15835
1872	RPHASCH2410_CH15845
1873	RPHASCH2410_CH15855
1874	RPHASCH2410_CH15865
1875	RPHASCH2410_CH15870
1876	RPHASCH2410_CH15875
1877	RPHASCH2410_CH15880
1878	RPHASCH2410_CH15885
1879	RPHASCH2410_CH15890
1880	RPHASCH2410_CH15895
1881	RPHASCH2410_CH15905
1882	RPHASCH2410_CH15910
1883	RPHASCH2410_CH15925
1884	RPHASCH2410_CH15930
1885	RPHASCH2410_CH15950
1886	RPHASCH2410_CH15970
1887	RPHASCH2410_CH15975
1888	RPHASCH2410_CH15985
1889	RPHASCH2410_CH16025
1890	RPHASCH2410_CH16045
1891	RPHASCH2410_CH16050
1892	RPHASCH2410_CH16055
1893	RPHASCH2410_CH16065
1894	RPHASCH2410_CH16090
1895	RPHASCH2410_CH16095
1896	RPHASCH2410_CH16100
1897	RPHASCH2410_CH16105
1898	RPHASCH2410_RS15705
1899	RPHASCH2410_CH16115
1900	RPHASCH2410_CH16120
1901	RPHASCH2410_CH16125
1902	RPHASCH2410_CH16130
1903	RPHASCH2410_CH16135
1904	RPHASCH2410_CH16145
1905	RPHASCH2410_CH16150
1906	RPHASCH2410_CH16155
1907	RPHASCH2410_CH16165
1908	RPHASCH2410_CH16170
1909	RPHASCH2410_CH16175
1910	RPHASCH2410_CH16185
1911	RPHASCH2410_CH16190
1912	RPHASCH2410_CH16195
1913	RPHASCH2410_CH16200
1914	RPHASCH2410_CH16205
1915	RPHASCH2410_CH16220
1916	RPHASCH2410_CH16225
1917	RPHASCH2410_CH16230
1918	RPHASCH2410_CH16235
1919	RPHASCH2410_CH16260
1920	RPHASCH2410_CH16265
1921	RPHASCH2410_CH16270
1922	RPHASCH2410_CH16280
1923	RPHASCH2410_CH16285
1924	RPHASCH2410_CH16290
1925	RPHASCH2410_CH16295
1926	RPHASCH2410_CH16300
1927	RPHASCH2410_CH16305
1928	RPHASCH2410_CH16310
1929	RPHASCH2410_CH16330
1930	RPHASCH2410_CH16335
1931	RPHASCH2410_CH16340
1932	RPHASCH2410_CH16370
1933	RPHASCH2410_CH16450
1934	RPHASCH2410_CH16455
1935	RPHASCH2410_CH16505
1936	RPHASCH2410_CH16510
1937	RPHASCH2410_CH16515
1938	RPHASCH2410_CH16530
1939	RPHASCH2410_CH16535
1940	RPHASCH2410_CH16555
1941	RPHASCH2410_CH16590
1942	RPHASCH2410_CH16600
1943	RPHASCH2410_CH16605
1944	RPHASCH2410_CH16615
1945	RPHASCH2410_CH16620
1946	RPHASCH2410_CH16635
1947	RPHASCH2410_CH16640
1948	RPHASCH2410_CH16650
1949	RPHASCH2410_CH16655
1950	RPHASCH2410_CH16665
1951	RPHASCH2410_CH16670
1952	RPHASCH2410_CH16675
1953	RPHASCH2410_CH16680
1954	RPHASCH2410_CH16705
1955	RPHASCH2410_CH16715
1956	RPHASCH2410_CH16725
1957	RPHASCH2410_CH16735
1958	RPHASCH2410_CH16740
1959	RPHASCH2410_CH16745
1960	RPHASCH2410_CH16790
1961	RPHASCH2410_CH16795
1962	RPHASCH2410_CH16800
1963	RPHASCH2410_CH16805
1964	RPHASCH2410_CH16815
1965	RPHASCH2410_CH16825
1966	RPHASCH2410_CH16830
1967	RPHASCH2410_CH16835
1968	RPHASCH2410_CH16840
1969	RPHASCH2410_CH16845
1970	RPHASCH2410_CH16850
1971	RPHASCH2410_CH16855
1972	RPHASCH2410_RS32585
1973	RPHASCH2410_CH16895
1974	RPHASCH2410_CH16900
1975	RPHASCH2410_CH16905
1976	RPHASCH2410_CH16910
1977	RPHASCH2410_CH16915
1978	RPHASCH2410_CH16920
1979	RPHASCH2410_CH16925
1980	RPHASCH2410_CH16930
1981	RPHASCH2410_CH16940
1982	RPHASCH2410_CH16945
1983	RPHASCH2410_CH16955
1984	RPHASCH2410_CH16960
1985	RPHASCH2410_CH16970
1986	RPHASCH2410_CH16985
1987	RPHASCH2410_CH16995
1988	RPHASCH2410_CH17000
1989	RPHASCH2410_CH17005
1990	RPHASCH2410_CH17010
1991	RPHASCH2410_CH17015
1992	RPHASCH2410_CH17020
1993	RPHASCH2410_CH17030
1994	RPHASCH2410_CH17035
1995	RPHASCH2410_CH17050
1996	RPHASCH2410_CH17055
1997	RPHASCH2410_RS16645
1998	RPHASCH2410_CH17065
1999	RPHASCH2410_CH17130
2000	RPHASCH2410_CH17135
2001	RPHASCH2410_CH17145
2002	RPHASCH2410_CH17150
2003	RPHASCH2410_CH17155
2004	RPHASCH2410_CH17160
2005	RPHASCH2410_CH17165
2006	RPHASCH2410_CH17185
2007	RPHASCH2410_CH17200
2008	RPHASCH2410_CH17205
2009	RPHASCH2410_CH17210
2010	RPHASCH2410_CH17225
2011	RPHASCH2410_CH17235
2012	RPHASCH2410_CH17240
2013	RPHASCH2410_RS16835
2014	RPHASCH2410_CH17265
2015	RPHASCH2410_CH17270
2016	RPHASCH2410_CH17275
2017	RPHASCH2410_CH17280
2018	RPHASCH2410_CH17295
2019	RPHASCH2410_CH17300
2020	RPHASCH2410_RS16885
2021	RPHASCH2410_CH15215
2022	RPHASCH2410_CH16475
2023	RPHASCH2410_CH16495
2024	RPHASCH2410_CH16710
2025	RPHASCH2410_CH16485
2026	RPHASCH2410_CH16500
2027	RPHASCH2410_RS16890
2028	RPHASCH2410_CH17315
2029	RPHASCH2410_CH17320
2030	RPHASCH2410_CH17330
2031	RPHASCH2410_CH17335
2032	RPHASCH2410_CH17340
2033	RPHASCH2410_CH17355
2034	RPHASCH2410_CH17365
2035	RPHASCH2410_RS32590
2036	RPHASCH2410_CH17375
2037	RPHASCH2410_CH17380
2038	RPHASCH2410_CH17385
2039	RPHASCH2410_RS16960
2040	RPHASCH2410_CH17390
2041	RPHASCH2410_CH17395
2042	RPHASCH2410_CH17400
2043	RPHASCH2410_CH17405
2044	RPHASCH2410_CH17410
2045	RPHASCH2410_CH17415
2046	RPHASCH2410_CH17420
2047	RPHASCH2410_RS17000
2048	RPHASCH2410_CH17425
2049	RPHASCH2410_CH17430
2050	RPHASCH2410_CH17440
2051	RPHASCH2410_CH17445
2052	RPHASCH2410_CH17455
2053	RPHASCH2410_CH17460
2054	RPHASCH2410_CH17470
2055	RPHASCH2410_CH17475
2056	RPHASCH2410_RS17065
2057	RPHASCH2410_CH17495
2058	RPHASCH2410_CH17500
2059	RPHASCH2410_CH17505
2060	RPHASCH2410_CH17510
2061	RPHASCH2410_CH17515
2062	RPHASCH2410_CH17520
2063	RPHASCH2410_CH17530
2064	RPHASCH2410_CH17535
2065	RPHASCH2410_CH17540
2066	RPHASCH2410_CH17545
2067	RPHASCH2410_CH17560
2068	RPHASCH2410_CH17565
2069	RPHASCH2410_CH17575
2070	RPHASCH2410_CH17580
2071	RPHASCH2410_CH17585
2072	RPHASCH2410_CH17590
2073	RPHASCH2410_CH17605
2074	RPHASCH2410_CH17610
2075	RPHASCH2410_CH17615
2076	RPHASCH2410_CH17620
2077	RPHASCH2410_CH17635
2078	RPHASCH2410_RS17215
2079	RPHASCH2410_CH17645
2080	RPHASCH2410_CH17655
2081	RPHASCH2410_CH17665
2082	RPHASCH2410_CH17670
2083	RPHASCH2410_CH17680
2084	RPHASCH2410_CH17685
2085	RPHASCH2410_CH17690
2086	RPHASCH2410_CH17700
2087	RPHASCH2410_CH17710
2088	RPHASCH2410_CH17715
2089	RPHASCH2410_CH17720
2090	RPHASCH2410_CH17725
2091	RPHASCH2410_CH17735
2092	RPHASCH2410_CH17750
2093	RPHASCH2410_CH17755
2094	RPHASCH2410_CH17760
2095	RPHASCH2410_CH17765
2096	RPHASCH2410_CH17770
2097	RPHASCH2410_CH17780
2098	RPHASCH2410_CH17785
2099	RPHASCH2410_CH17790
2100	RPHASCH2410_CH17795
2101	RPHASCH2410_CH17800
2102	RPHASCH2410_CH17805
2103	RPHASCH2410_CH17820
2104	RPHASCH2410_CH17825
2105	RPHASCH2410_CH17835
2106	RPHASCH2410_CH17840
2107	RPHASCH2410_CH17845
2108	RPHASCH2410_CH17850
2109	RPHASCH2410_CH17855
2110	RPHASCH2410_CH17860
2111	RPHASCH2410_CH17865
2112	RPHASCH2410_CH17875
2113	RPHASCH2410_CH17880
2114	RPHASCH2410_CH17885
2115	RPHASCH2410_CH17890
2116	RPHASCH2410_CH17900
2117	RPHASCH2410_CH17905
2118	RPHASCH2410_CH17910
2119	RPHASCH2410_CH17915
2120	RPHASCH2410_CH17920
2121	RPHASCH2410_CH17930
2122	RPHASCH2410_CH17960
2123	RPHASCH2410_CH17965
2124	RPHASCH2410_CH18025
2125	RPHASCH2410_CH18035
2126	RPHASCH2410_CH18040
2127	RPHASCH2410_CH18050
2128	RPHASCH2410_CH18060
2129	RPHASCH2410_CH18065
2130	RPHASCH2410_RS32595
2131	RPHASCH2410_RS32600
2132	RPHASCH2410_CH18070
2133	RPHASCH2410_CH18075
2134	RPHASCH2410_CH18080
2135	RPHASCH2410_CH18090
2136	RPHASCH2410_CH18095
2137	RPHASCH2410_CH18100
2138	RPHASCH2410_CH18110
2139	RPHASCH2410_CH18115
2140	RPHASCH2410_CH18120
2141	RPHASCH2410_CH18125
2142	RPHASCH2410_CH18145
2143	RPHASCH2410_CH18150
2144	RPHASCH2410_CH18155
2145	RPHASCH2410_CH18160
2146	RPHASCH2410_CH18165
2147	RPHASCH2410_CH18190
2148	RPHASCH2410_CH18195
2149	RPHASCH2410_RS17805
2150	RPHASCH2410_CH18250
2151	RPHASCH2410_CH18265
2152	RPHASCH2410_RS32605
2153	RPHASCH2410_CH18275
2154	RPHASCH2410_CH18280
2155	RPHASCH2410_CH18310
2156	RPHASCH2410_CH18315
2157	RPHASCH2410_CH18320
2158	RPHASCH2410_CH18325
2159	RPHASCH2410_CH18330
2160	RPHASCH2410_CH18340
2161	RPHASCH2410_RS17905
2162	RPHASCH2410_CH18350
2163	RPHASCH2410_CH18365
2164	RPHASCH2410_CH18375
2165	RPHASCH2410_CH18380
2166	RPHASCH2410_CH18385
2167	RPHASCH2410_CH18390
2168	RPHASCH2410_RS32615
2169	RPHASCH2410_CH18405
2170	RPHASCH2410_CH18410
2171	RPHASCH2410_RS32620
2172	RPHASCH2410_RS17970
2173	RPHASCH2410_RS32625
2174	RPHASCH2410_CH18425
2175	RPHASCH2410_CH18435
2176	RPHASCH2410_CH18440
2177	RPHASCH2410_CH18445
2178	RPHASCH2410_CH18450
2179	RPHASCH2410_CH18455
2180	RPHASCH2410_CH18465
2181	RPHASCH2410_CH18470
2182	RPHASCH2410_CH18370
2183	RPHASCH2410_CH18475
2184	RPHASCH2410_CH18480
2185	RPHASCH2410_CH18485
2186	RPHASCH2410_CH18495
2187	RPHASCH2410_RS18055
2188	RPHASCH2410_RS18060
2189	RPHASCH2410_CH18510
2190	RPHASCH2410_RS18070
2191	RPHASCH2410_CH18520
2192	RPHASCH2410_CH18530
2193	RPHASCH2410_CH18540
2194	RPHASCH2410_CH18555
2195	RPHASCH2410_CH18560
2196	RPHASCH2410_CH18565
2197	RPHASCH2410_CH18570
2198	RPHASCH2410_CH18575
2199	RPHASCH2410_CH18585
2200	RPHASCH2410_CH18590
2201	RPHASCH2410_CH18595
2202	RPHASCH2410_CH18600
2203	RPHASCH2410_CH18605
2204	RPHASCH2410_CH18620
2205	RPHASCH2410_CH18625
2206	RPHASCH2410_CH18640
2207	RPHASCH2410_CH18645
2208	RPHASCH2410_CH18650
2209	RPHASCH2410_CH18675
2210	RPHASCH2410_CH18680
2211	RPHASCH2410_CH18700
2212	RPHASCH2410_CH18705
2213	RPHASCH2410_CH18710
2214	RPHASCH2410_CH18715
2215	RPHASCH2410_CH18720
2216	RPHASCH2410_CH18730
2217	RPHASCH2410_CH18735
2218	RPHASCH2410_CH18740
2219	RPHASCH2410_RS18300
2220	RPHASCH2410_CH18755
2221	RPHASCH2410_CH18760
2222	RPHASCH2410_CH18765
2223	RPHASCH2410_CH18770
2224	RPHASCH2410_CH18780
2225	RPHASCH2410_CH18785
2226	RPHASCH2410_CH18795
2227	RPHASCH2410_CH18800
2228	RPHASCH2410_CH18805
2229	RPHASCH2410_RS18380
2230	RPHASCH2410_CH18835
2231	RPHASCH2410_CH18845
2232	RPHASCH2410_CH18850
2233	RPHASCH2410_CH18860
2234	RPHASCH2410_CH18870
2235	RPHASCH2410_CH18880
2236	RPHASCH2410_CH18885
2237	RPHASCH2410_CH18890
2238	RPHASCH2410_CH18895
2239	RPHASCH2410_CH18900
2240	RPHASCH2410_CH18910
2241	RPHASCH2410_RS18465
2242	RPHASCH2410_CH18925
2243	RPHASCH2410_CH18935
2244	RPHASCH2410_CH18940
2245	RPHASCH2410_CH18950
2246	RPHASCH2410_CH18955
2247	RPHASCH2410_CH18960
2248	RPHASCH2410_CH18965
2249	RPHASCH2410_CH18980
2250	RPHASCH2410_CH18985
2251	RPHASCH2410_CH18990
2252	RPHASCH2410_CH18995
2253	RPHASCH2410_CH19005
2254	RPHASCH2410_CH19010
2255	RPHASCH2410_CH19020
2256	RPHASCH2410_CH19035
2257	RPHASCH2410_CH19045
2258	RPHASCH2410_CH18525
2259	RPHASCH2410_CH19055
2260	RPHASCH2410_CH19060
2261	RPHASCH2410_CH19070
2262	RPHASCH2410_CH19075
2263	RPHASCH2410_CH19080
2264	RPHASCH2410_CH19085
2265	RPHASCH2410_CH19090
2266	RPHASCH2410_CH19095
2267	RPHASCH2410_CH19100
2268	RPHASCH2410_CH19105
2269	RPHASCH2410_RS32645
2270	RPHASCH2410_CH19115
2271	RPHASCH2410_CH19120
2272	RPHASCH2410_CH19125
2273	RPHASCH2410_CH19130
2274	RPHASCH2410_CH19135
2275	RPHASCH2410_CH19145
2276	RPHASCH2410_CH19150
2277	RPHASCH2410_CH19155
2278	RPHASCH2410_CH19160
2279	RPHASCH2410_CH19165
2280	RPHASCH2410_CH19175
2281	RPHASCH2410_RS32650
2282	RPHASCH2410_RS32655
2283	RPHASCH2410_CH19185
2284	RPHASCH2410_CH19190
2285	RPHASCH2410_CH19195
2286	RPHASCH2410_CH19205
2287	RPHASCH2410_CH19210
2288	RPHASCH2410_CH19215
2289	RPHASCH2410_CH19220
2290	RPHASCH2410_CH19225
2291	RPHASCH2410_CH19230
2292	RPHASCH2410_CH19235
2293	RPHASCH2410_CH19240
2294	RPHASCH2410_CH19245
2295	RPHASCH2410_CH19250
2296	RPHASCH2410_RS18785
2297	RPHASCH2410_CH19260
2298	RPHASCH2410_CH19265
2299	RPHASCH2410_CH19270
2300	RPHASCH2410_CH19280
2301	RPHASCH2410_CH19285
2302	RPHASCH2410_CH19290
2303	RPHASCH2410_RS18825
2304	RPHASCH2410_CH19310
2305	RPHASCH2410_CH19315
2306	RPHASCH2410_CH19320
2307	RPHASCH2410_CH19325
2308	RPHASCH2410_CH19340
2309	RPHASCH2410_CH19345
2310	RPHASCH2410_CH19350
2311	RPHASCH2410_CH19355
2312	RPHASCH2410_CH19360
2313	RPHASCH2410_CH19365
2314	RPHASCH2410_CH19370
2315	RPHASCH2410_CH19375
2316	RPHASCH2410_CH19385
2317	RPHASCH2410_CH19390
2318	RPHASCH2410_CH19395
2319	RPHASCH2410_CH19400
2320	RPHASCH2410_CH19410
2321	RPHASCH2410_RS18925
2322	RPHASCH2410_CH19415
2323	RPHASCH2410_CH19420
2324	RPHASCH2410_CH19440
2325	RPHASCH2410_CH19445
2326	RPHASCH2410_CH19450
2327	RPHASCH2410_CH19455
2328	RPHASCH2410_CH19485
2329	RPHASCH2410_CH19490
2330	RPHASCH2410_CH19495
2331	RPHASCH2410_CH19500
2332	RPHASCH2410_CH19510
2333	RPHASCH2410_CH19515
2334	RPHASCH2410_CH19520
2335	RPHASCH2410_CH19530
2336	RPHASCH2410_CH19535
2337	RPHASCH2410_CH19545
2338	RPHASCH2410_CH19550
2339	RPHASCH2410_CH19555
2340	RPHASCH2410_CH19560
2341	RPHASCH2410_CH19565
2342	RPHASCH2410_CH19570
2343	RPHASCH2410_CH19580
2344	RPHASCH2410_CH19585
2345	RPHASCH2410_CH19590
2346	RPHASCH2410_CH19600
2347	RPHASCH2410_CH19615
2348	RPHASCH2410_CH19620
2349	RPHASCH2410_CH19645
2350	RPHASCH2410_RS19160
2351	RPHASCH2410_CH19665
2352	RPHASCH2410_CH19675
2353	RPHASCH2410_CH19680
2354	RPHASCH2410_CH19685
2355	RPHASCH2410_CH19690
2356	RPHASCH2410_CH19695
2357	RPHASCH2410_CH19700
2358	RPHASCH2410_CH19705
2359	RPHASCH2410_RS19210
2360	RPHASCH2410_CH19735
2361	RPHASCH2410_CH19740
2362	RPHASCH2410_CH19745
2363	RPHASCH2410_CH19750
2364	RPHASCH2410_RS32675
2365	RPHASCH2410_CH19755
2366	RPHASCH2410_CH19765
2367	RPHASCH2410_CH19770
2368	RPHASCH2410_CH19775
2369	RPHASCH2410_CH19785
2370	RPHASCH2410_CH19790
2371	RPHASCH2410_CH19800
2372	RPHASCH2410_CH19810
2373	RPHASCH2410_CH19825
2374	RPHASCH2410_CH19830
2375	RPHASCH2410_CH19835
2376	RPHASCH2410_CH19840
2377	RPHASCH2410_CH19845
2378	RPHASCH2410_CH19850
2379	RPHASCH2410_CH19855
2380	RPHASCH2410_CH19860
2381	RPHASCH2410_CH19865
2382	RPHASCH2410_CH19870
2383	RPHASCH2410_CH19880
2384	RPHASCH2410_CH19885
2385	RPHASCH2410_CH19895
2386	RPHASCH2410_CH19900
2387	RPHASCH2410_CH19905
2388	RPHASCH2410_CH19910
2389	RPHASCH2410_CH19915
2390	RPHASCH2410_CH19925
2391	RPHASCH2410_CH19930
2392	RPHASCH2410_CH19935
2393	RPHASCH2410_CH19940
2394	RPHASCH2410_CH19945
2395	RPHASCH2410_CH19960
2396	RPHASCH2410_CH19965
2397	RPHASCH2410_CH19970
2398	RPHASCH2410_RS32680
2399	RPHASCH2410_CH19980
2400	RPHASCH2410_CH19990
2401	RPHASCH2410_CH20000
2402	RPHASCH2410_CH20005
2403	RPHASCH2410_CH20010
2404	RPHASCH2410_CH20020
2405	RPHASCH2410_CH20030
2406	RPHASCH2410_CH20035
2407	RPHASCH2410_RS19530
2408	RPHASCH2410_CH20045
2409	RPHASCH2410_CH20050
2410	RPHASCH2410_CH20055
2411	RPHASCH2410_CH20060
2412	RPHASCH2410_CH20075
2413	RPHASCH2410_CH20080
2414	RPHASCH2410_CH20085
2415	RPHASCH2410_RS19580
2416	RPHASCH2410_CH20095
2417	RPHASCH2410_CH20105
2418	RPHASCH2410_CH20115
2419	RPHASCH2410_CH20135
2420	RPHASCH2410_CH20140
2421	RPHASCH2410_CH20145
2422	RPHASCH2410_CH20150
2423	RPHASCH2410_CH20155
2424	RPHASCH2410_RS32690
2425	RPHASCH2410_CH20160
2426	RPHASCH2410_RS19650
2427	RPHASCH2410_CH20170
2428	RPHASCH2410_CH20175
2429	RPHASCH2410_CH20180
2430	RPHASCH2410_CH20185
2431	RPHASCH2410_CH20190
2432	RPHASCH2410_CH20195
2433	RPHASCH2410_CH20205
2434	RPHASCH2410_CH20210
2435	RPHASCH2410_CH20215
2436	RPHASCH2410_CH20220
2437	RPHASCH2410_CH20225
2438	RPHASCH2410_CH20230
2439	RPHASCH2410_CH20235
2440	RPHASCH2410_RS19725
2441	RPHASCH2410_CH20245
2442	RPHASCH2410_CH20250
2443	RPHASCH2410_CH20255
2444	RPHASCH2410_CH20260
2445	RPHASCH2410_CH20290
2446	RPHASCH2410_CH20295
2447	RPHASCH2410_CH20320
2448	RPHASCH2410_CH20330
2449	RPHASCH2410_CH20350
2450	RPHASCH2410_CH20355
2451	RPHASCH2410_CH20360
2452	RPHASCH2410_CH20370
2453	RPHASCH2410_CH20375
2454	RPHASCH2410_CH20390
2455	RPHASCH2410_CH20395
2456	RPHASCH2410_CH20405
2457	RPHASCH2410_CH20410
2458	RPHASCH2410_CH20425
2459	RPHASCH2410_CH20430
2460	RPHASCH2410_CH20435
2461	RPHASCH2410_CH20440
2462	RPHASCH2410_RS32695
2463	RPHASCH2410_CH20470
2464	RPHASCH2410_CH20475
2465	RPHASCH2410_CH20480
2466	RPHASCH2410_CH20495
2467	RPHASCH2410_CH20505
2468	RPHASCH2410_CH20510
2469	RPHASCH2410_CH20515
2470	RPHASCH2410_CH20520
2471	RPHASCH2410_CH20530
2472	RPHASCH2410_CH20535
2473	RPHASCH2410_CH20540
2474	RPHASCH2410_CH20545
2475	RPHASCH2410_CH20550
2476	RPHASCH2410_CH20565
2477	RPHASCH2410_CH20570
2478	RPHASCH2410_CH20575
2479	RPHASCH2410_CH20580
2480	RPHASCH2410_CH20595
2481	RPHASCH2410_CH20600
2482	RPHASCH2410_CH20605
2483	RPHASCH2410_CH20625
2484	RPHASCH2410_CH20645
2485	RPHASCH2410_CH20650
2486	RPHASCH2410_CH20655
2487	RPHASCH2410_CH20665
2488	RPHASCH2410_CH20675
2489	RPHASCH2410_CH20680
2490	RPHASCH2410_CH20685
2491	RPHASCH2410_CH20695
2492	RPHASCH2410_RS20190
2493	RPHASCH2410_CH20730
2494	RPHASCH2410_CH20735
2495	RPHASCH2410_CH20740
2496	RPHASCH2410_RS20225
2497	RPHASCH2410_CH20765
2498	RPHASCH2410_CH20770
2499	RPHASCH2410_CH20775
2500	RPHASCH2410_CH20785
2501	RPHASCH2410_CH20790
2502	RPHASCH2410_CH20795
2503	RPHASCH2410_CH20800
2504	RPHASCH2410_CH20810
2505	RPHASCH2410_CH20815
2506	RPHASCH2410_CH20825
2507	RPHASCH2410_CH20840
2508	RPHASCH2410_CH20845
2509	RPHASCH2410_CH20850
2510	RPHASCH2410_CH20855
2511	RPHASCH2410_CH20860
2512	RPHASCH2410_CH20865
2513	RPHASCH2410_CH20870
2514	RPHASCH2410_CH20875
2515	RPHASCH2410_CH20880
2516	RPHASCH2410_CH20900
2517	RPHASCH2410_CH20905
2518	RPHASCH2410_CH20910
2519	RPHASCH2410_CH20915
2520	RPHASCH2410_CH20920
2521	RPHASCH2410_CH20925
2522	RPHASCH2410_CH20935
2523	RPHASCH2410_CH20940
2524	RPHASCH2410_CH20945
2525	RPHASCH2410_CH20950
2526	RPHASCH2410_CH20960
2527	RPHASCH2410_CH20965
2528	RPHASCH2410_RS20420
2529	RPHASCH2410_CH20970
2530	RPHASCH2410_CH20975
2531	RPHASCH2410_CH20980
2532	RPHASCH2410_CH20985
2533	RPHASCH2410_RS32705
2534	RPHASCH2410_CH20995
2535	RPHASCH2410_RS32710
2536	RPHASCH2410_CH21005
2537	RPHASCH2410_CH21010
2538	RPHASCH2410_CH21015
2539	RPHASCH2410_CH21020
2540	RPHASCH2410_CH21030
2541	RPHASCH2410_CH21035
2542	RPHASCH2410_CH21040
2543	RPHASCH2410_CH21045
2544	RPHASCH2410_CH21050
2545	RPHASCH2410_CH21055
2546	RPHASCH2410_CH21060
2547	RPHASCH2410_CH21065
2548	RPHASCH2410_CH21070
2549	RPHASCH2410_CH21080
2550	RPHASCH2410_CH21085
2551	RPHASCH2410_CH21095
2552	RPHASCH2410_CH21100
2553	RPHASCH2410_CH21105
2554	RPHASCH2410_CH21110
2555	RPHASCH2410_CH21115
2556	RPHASCH2410_CH21120
2557	RPHASCH2410_CH21125
2558	RPHASCH2410_CH21130
2559	RPHASCH2410_CH21140
2560	RPHASCH2410_CH21145
2561	RPHASCH2410_RS32715
2562	RPHASCH2410_CH21155
2563	RPHASCH2410_CH21160
2564	RPHASCH2410_CH21170
2565	RPHASCH2410_CH21175
2566	RPHASCH2410_CH21185
2567	RPHASCH2410_CH21195
2568	RPHASCH2410_CH21205
2569	RPHASCH2410_CH21210
2570	RPHASCH2410_CH21215
2571	RPHASCH2410_CH21220
2572	RPHASCH2410_CH21225
2573	RPHASCH2410_RS32720
2574	RPHASCH2410_CH21230
2575	RPHASCH2410_CH21235
2576	RPHASCH2410_CH21240
2577	RPHASCH2410_CH21245
2578	RPHASCH2410_CH21255
2579	RPHASCH2410_CH21265
2580	RPHASCH2410_CH21270
2581	RPHASCH2410_CH21275
2582	RPHASCH2410_CH21280
2583	RPHASCH2410_CH21285
2584	RPHASCH2410_CH21290
2585	RPHASCH2410_CH21300
2586	RPHASCH2410_CH21305
2587	RPHASCH2410_CH21310
2588	RPHASCH2410_CH21315
2589	RPHASCH2410_CH21335
2590	RPHASCH2410_CH21340
2591	RPHASCH2410_CH21350
2592	RPHASCH2410_CH21365
2593	RPHASCH2410_CH21370
2594	RPHASCH2410_CH21375
2595	RPHASCH2410_CH21380
2596	RPHASCH2410_CH21385
2597	RPHASCH2410_CH21390
2598	RPHASCH2410_CH21405
2599	RPHASCH2410_CH21410
2600	RPHASCH2410_CH21415
2601	RPHASCH2410_CH21440
2602	RPHASCH2410_CH21455
2603	RPHASCH2410_CH21460
2604	RPHASCH2410_CH21465
2605	RPHASCH2410_CH21475
2606	RPHASCH2410_CH21480
2607	RPHASCH2410_CH21485
2608	RPHASCH2410_CH21490
2609	RPHASCH2410_CH21495
2610	RPHASCH2410_CH21500
2611	RPHASCH2410_CH21510
2612	RPHASCH2410_CH21515
2613	RPHASCH2410_CH21530
2614	RPHASCH2410_CH21535
2615	RPHASCH2410_CH21540
2616	RPHASCH2410_CH21555
2617	RPHASCH2410_CH21560
2618	RPHASCH2410_CH21565
2619	RPHASCH2410_CH21570
2620	RPHASCH2410_CH21575
2621	RPHASCH2410_CH21580
2622	RPHASCH2410_CH21600
2623	RPHASCH2410_CH21605
2624	RPHASCH2410_CH21610
2625	RPHASCH2410_CH21615
2626	RPHASCH2410_CH21620
2627	RPHASCH2410_CH21630
2628	RPHASCH2410_RS21070
2629	RPHASCH2410_CH21640
2630	RPHASCH2410_CH21645
2631	RPHASCH2410_CH21665
2632	RPHASCH2410_CH21670
2633	RPHASCH2410_CH21675
2634	RPHASCH2410_CH21680
2635	RPHASCH2410_CH21685
2636	RPHASCH2410_CH21700
2637	RPHASCH2410_CH21705
2638	RPHASCH2410_CH21710
2639	RPHASCH2410_CH21715
2640	RPHASCH2410_CH21725
2641	RPHASCH2410_RS21165
2642	RPHASCH2410_CH21740
2643	RPHASCH2410_CH21745
2644	RPHASCH2410_CH21755
2645	RPHASCH2410_CH21760
2646	RPHASCH2410_RS21200
2647	RPHASCH2410_CH21295
2648	RPHASCH2410_PB00015
2649	RPHASCH2410_RS21220
2650	RPHASCH2410_RS32730
2651	RPHASCH2410_PB00020
2652	RPHASCH2410_PB00025
2653	RPHASCH2410_PB00040
2654	RPHASCH2410_PB00045
2655	RPHASCH2410_PB00050
2656	RPHASCH2410_PB00055
2657	RPHASCH2410_RS21265
2658	RPHASCH2410_PB00065
2659	RPHASCH2410_PB00090
2660	RPHASCH2410_PB00100
2661	RPHASCH2410_PB00105
2662	RPHASCH2410_PB00140
2663	RPHASCH2410_PB00145
2664	RPHASCH2410_PB00155
2665	RPHASCH2410_PB00160
2666	RPHASCH2410_PB00165
2667	RPHASCH2410_PB00170
2668	RPHASCH2410_PB00175
2669	RPHASCH2410_RS32735
2670	RPHASCH2410_RS21385
2671	RPHASCH2410_PB00190
2672	RPHASCH2410_PB00195
2673	RPHASCH2410_PB00200
2674	RPHASCH2410_PB00205
2675	RPHASCH2410_PB00210
2676	RPHASCH2410_PB00220
2677	RPHASCH2410_PB00225
2678	RPHASCH2410_PB00230
2679	RPHASCH2410_PB00235
2680	RPHASCH2410_PB00240
2681	RPHASCH2410_PB00245
2682	RPHASCH2410_PB00280
2683	RPHASCH2410_PB00295
2684	RPHASCH2410_PB00305
2685	RPHASCH2410_PB00310
2686	RPHASCH2410_RS32740
2687	RPHASCH2410_PB00315
2688	RPHASCH2410_PB00325
2689	RPHASCH2410_PB00330
2690	RPHASCH2410_PB00340
2691	RPHASCH2410_PB00345
2692	RPHASCH2410_PB00355
2693	RPHASCH2410_PB00360
2694	RPHASCH2410_PB00370
2695	RPHASCH2410_PB00375
2696	RPHASCH2410_PB00380
2697	RPHASCH2410_PB00385
2698	RPHASCH2410_PB00390
2699	RPHASCH2410_PB00395
2700	RPHASCH2410_PB00405
2701	RPHASCH2410_RS21605
2702	RPHASCH2410_PB00420
2703	RPHASCH2410_PB00425
2704	RPHASCH2410_PB00450
2705	RPHASCH2410_RS21665
2706	RPHASCH2410_PB00475
2707	RPHASCH2410_PB00490
2708	RPHASCH2410_PB00495
2709	RPHASCH2410_PB00510
2710	RPHASCH2410_PB00515
2711	RPHASCH2410_PB00520
2712	RPHASCH2410_PB00525
2713	RPHASCH2410_PB00530
2714	RPHASCH2410_PB00535
2715	RPHASCH2410_PB00540
2716	RPHASCH2410_PB00545
2717	RPHASCH2410_PB00560
2718	RPHASCH2410_PB00565
2719	RPHASCH2410_PB00570
2720	RPHASCH2410_PB00575
2721	RPHASCH2410_PB00580
2722	RPHASCH2410_PB00595
2723	RPHASCH2410_PB00600
2724	RPHASCH2410_PB00605
2725	RPHASCH2410_PB00620
2726	RPHASCH2410_PB00645
2727	RPHASCH2410_PB00650
2728	RPHASCH2410_PB00655
2729	RPHASCH2410_PB00660
2730	RPHASCH2410_PB00680
2731	RPHASCH2410_PB00685
2732	RPHASCH2410_RS21885
2733	RPHASCH2410_PB00695
2734	RPHASCH2410_PB00705
2735	RPHASCH2410_PB00710
2736	RPHASCH2410_PB00720
2737	RPHASCH2410_PB00725
2738	RPHASCH2410_PB00735
2739	RPHASCH2410_PB00740
2740	RPHASCH2410_PB00745
2741	RPHASCH2410_PB00750
2742	RPHASCH2410_PB00760
2743	RPHASCH2410_PB00765
2744	RPHASCH2410_PB00780
2745	RPHASCH2410_PB00785
2746	RPHASCH2410_PB00805
2747	RPHASCH2410_PB00810
2748	RPHASCH2410_PB00815
2749	RPHASCH2410_PB00825
2750	RPHASCH2410_PB00830
2751	RPHASCH2410_PB00860
2752	RPHASCH2410_PB00865
2753	RPHASCH2410_PB00875
2754	RPHASCH2410_PB00880
2755	RPHASCH2410_PB00895
2756	RPHASCH2410_PB00900
2757	RPHASCH2410_PB00910
2758	RPHASCH2410_PB00915
2759	RPHASCH2410_PB00935
2760	RPHASCH2410_PB00940
2761	RPHASCH2410_PB00945
2762	RPHASCH2410_PB00950
2763	RPHASCH2410_PB00955
2764	RPHASCH2410_PB00965
2765	RPHASCH2410_RS22160
2766	RPHASCH2410_PB00975
2767	RPHASCH2410_PB00980
2768	RPHASCH2410_PB00985
2769	RPHASCH2410_PB00990
2770	RPHASCH2410_PB00995
2771	RPHASCH2410_PB01005
2772	RPHASCH2410_PB01010
2773	RPHASCH2410_PB01020
2774	RPHASCH2410_PB01025
2775	RPHASCH2410_PB01030
2776	RPHASCH2410_PB01035
2777	RPHASCH2410_PB01040
2778	RPHASCH2410_PB01065
2779	RPHASCH2410_PB01070
2780	RPHASCH2410_PB01080
2781	RPHASCH2410_PB01090
2782	RPHASCH2410_PB01100
2783	RPHASCH2410_PB01115
2784	RPHASCH2410_PB01135
2785	RPHASCH2410_PB01140
2786	RPHASCH2410_PB01145
2787	RPHASCH2410_RS22340
2788	RPHASCH2410_PB01160
2789	RPHASCH2410_PB01165
2790	RPHASCH2410_PB01170
2791	RPHASCH2410_PB01180
2792	RPHASCH2410_PB01185
2793	RPHASCH2410_PB01200
2794	RPHASCH2410_PB01205
2795	RPHASCH2410_RS22425
2796	RPHASCH2410_PB01235
2797	RPHASCH2410_PB01240
2798	RPHASCH2410_PB01250
2799	RPHASCH2410_RS22450
2800	RPHASCH2410_PB01260
2801	RPHASCH2410_PB01265
2802	RPHASCH2410_PB01275
2803	RPHASCH2410_PB01280
2804	RPHASCH2410_RS22490
2805	RPHASCH2410_RS22495
2806	RPHASCH2410_PB01300
2807	RPHASCH2410_PB01325
2808	RPHASCH2410_PB01330
2809	RPHASCH2410_PB01340
2810	RPHASCH2410_PB01345
2811	RPHASCH2410_PB01375
2812	RPHASCH2410_PB01380
2813	RPHASCH2410_PB01385
2814	RPHASCH2410_PB01400
2815	RPHASCH2410_PB01405
2816	RPHASCH2410_PB01410
2817	RPHASCH2410_PB01415
2818	RPHASCH2410_PB01465
2819	RPHASCH2410_PB01470
2820	RPHASCH2410_RS22685
2821	RPHASCH2410_PB01495
2822	RPHASCH2410_RS22700
2823	RPHASCH2410_PB01505
2824	RPHASCH2410_PB01510
2825	RPHASCH2410_PB01520
2826	RPHASCH2410_PB01550
2827	RPHASCH2410_PB01555
2828	RPHASCH2410_PB01565
2829	RPHASCH2410_PB01590
2830	RPHASCH2410_PB01595
2831	RPHASCH2410_PB01615
2832	RPHASCH2410_PB01625
2833	RPHASCH2410_PB01650
2834	RPHASCH2410_PB01655
2835	RPHASCH2410_PB01660
2836	RPHASCH2410_PB01665
2837	RPHASCH2410_PB01670
2838	RPHASCH2410_PB01690
2839	RPHASCH2410_PB01695
2840	RPHASCH2410_PB01705
2841	RPHASCH2410_PB01730
2842	RPHASCH2410_PB01735
2843	RPHASCH2410_PB01740
2844	RPHASCH2410_PB01750
2845	RPHASCH2410_PB01755
2846	RPHASCH2410_PB01760
2847	RPHASCH2410_PB01765
2848	RPHASCH2410_PB01775
2849	RPHASCH2410_RS22975
2850	RPHASCH2410_PB01785
2851	RPHASCH2410_PB01815
2852	RPHASCH2410_PB01820
2853	RPHASCH2410_PB01825
2854	RPHASCH2410_PB01830
2855	RPHASCH2410_PB01835
2856	RPHASCH2410_PB01840
2857	RPHASCH2410_PB01870
2858	RPHASCH2410_PB01885
2859	RPHASCH2410_PB01890
2860	RPHASCH2410_PB01895
2861	RPHASCH2410_PB01915
2862	RPHASCH2410_PB01920
2863	RPHASCH2410_PB01935
2864	RPHASCH2410_PC00005
2865	RPHASCH2410_PC00010
2866	RPHASCH2410_PC00015
2867	RPHASCH2410_PC00020
2868	RPHASCH2410_RS23150
2869	RPHASCH2410_PC00040
2870	RPHASCH2410_RS32765
2871	RPHASCH2410_PC00050
2872	RPHASCH2410_PC00085
2873	RPHASCH2410_PC00090
2874	RPHASCH2410_RS23220
2875	RPHASCH2410_PC00105
2876	RPHASCH2410_PC00110
2877	RPHASCH2410_PC00115
2878	RPHASCH2410_PC00120
2879	RPHASCH2410_PC00125
2880	RPHASCH2410_PC00140
2881	RPHASCH2410_PC00145
2882	RPHASCH2410_PC00170
2883	RPHASCH2410_PC00195
2884	RPHASCH2410_PC00200
2885	RPHASCH2410_PC00210
2886	RPHASCH2410_RS23320
2887	RPHASCH2410_PC00225
2888	RPHASCH2410_RS23330
2889	RPHASCH2410_RS32800
2890	RPHASCH2410_PC00235
2891	RPHASCH2410_PC00255
2892	RPHASCH2410_RS23370
2893	RPHASCH2410_PC00265
2894	RPHASCH2410_PC00270
2895	RPHASCH2410_RS23400
2896	RPHASCH2410_RS23425
2897	RPHASCH2410_RS23435
2898	RPHASCH2410_PC00325
2899	RPHASCH2410_RS23445
2900	RPHASCH2410_PC00350
2901	RPHASCH2410_PC00355
2902	RPHASCH2410_PC00360
2903	RPHASCH2410_PC00365
2904	RPHASCH2410_PC00375
2905	RPHASCH2410_PC00380
2906	RPHASCH2410_PC00385
2907	RPHASCH2410_PC00390
2908	RPHASCH2410_PC00395
2909	RPHASCH2410_RS23495
2910	RPHASCH2410_PC00405
2911	RPHASCH2410_PC00415
2912	RPHASCH2410_RS23515
2913	RPHASCH2410_RS23520
2914	RPHASCH2410_PC00435
2915	RPHASCH2410_PC00440
2916	RPHASCH2410_PC00450
2917	RPHASCH2410_PC00470
2918	RPHASCH2410_RS32840
2919	RPHASCH2410_PC00480
2920	RPHASCH2410_PC00485
2921	RPHASCH2410_RS32850
2922	RPHASCH2410_PC00490
2923	RPHASCH2410_RS23570
2924	RPHASCH2410_PC00515
2925	RPHASCH2410_PC00535
2926	RPHASCH2410_RS23625
2927	RPHASCH2410_PC00545
2928	RPHASCH2410_PC00550
2929	RPHASCH2410_RS32865
2930	RPHASCH2410_PC00555
2931	RPHASCH2410_PC00560
2932	RPHASCH2410_RS32875
2933	RPHASCH2410_PC00565
2934	RPHASCH2410_PC00570
2935	RPHASCH2410_PC00575
2936	RPHASCH2410_PC00610
2937	RPHASCH2410_PC00615
2938	RPHASCH2410_PC00620
2939	RPHASCH2410_PC00625
2940	RPHASCH2410_PC00635
2941	RPHASCH2410_RS32905
2942	RPHASCH2410_PC00645
2943	RPHASCH2410_PC00655
2944	RPHASCH2410_PC00665
2945	RPHASCH2410_RS32915
2946	RPHASCH2410_PC00685
2947	RPHASCH2410_PC00690
2948	RPHASCH2410_PC00695
2949	RPHASCH2410_PC00700
2950	RPHASCH2410_PC00715
2951	RPHASCH2410_PC00720
2952	RPHASCH2410_PC00725
2953	RPHASCH2410_RS32930
2954	RPHASCH2410_PC00735
2955	RPHASCH2410_PC00745
2956	RPHASCH2410_PC00750
2957	RPHASCH2410_RS23795
2958	RPHASCH2410_PC00765
2959	RPHASCH2410_PC00770
2960	RPHASCH2410_RS32945
2961	RPHASCH2410_PC00780
2962	RPHASCH2410_PC00785
2963	RPHASCH2410_PC00790
2964	RPHASCH2410_RS23820
2965	RPHASCH2410_RS23845
2966	RPHASCH2410_PC00825
2967	RPHASCH2410_PC00830
2968	RPHASCH2410_PC00835
2969	RPHASCH2410_PC00845
2970	RPHASCH2410_RS23870
2971	RPHASCH2410_RS32970
2972	RPHASCH2410_RS32975
2973	RPHASCH2410_PC00865
2974	RPHASCH2410_RS23885
2975	RPHASCH2410_PC00885
2976	RPHASCH2410_PC00890
2977	RPHASCH2410_PC00895
2978	RPHASCH2410_RS32990
2979	RPHASCH2410_PC00910
2980	RPHASCH2410_RS23935
2981	RPHASCH2410_PC00935
2982	RPHASCH2410_RS23950
2983	RPHASCH2410_RS32995
2984	RPHASCH2410_PC00970
2985	RPHASCH2410_RS23985
2986	RPHASCH2410_PC00975
2987	RPHASCH2410_PC00980
2988	RPHASCH2410_PC00985
2989	RPHASCH2410_PC00995
2990	RPHASCH2410_PC01000
2991	RPHASCH2410_PC01005
2992	RPHASCH2410_PC01010
2993	RPHASCH2410_RS24030
2994	RPHASCH2410_PC01020
2995	RPHASCH2410_PC01025
2996	RPHASCH2410_RS24045
2997	RPHASCH2410_RS24050
2998	RPHASCH2410_PC01035
2999	RPHASCH2410_PC01040
3000	RPHASCH2410_PC01045
3001	RPHASCH2410_PC01050
3002	RPHASCH2410_RS33010
3003	RPHASCH2410_PC01055
3004	RPHASCH2410_RS24075
3005	RPHASCH2410_RS24080
3006	RPHASCH2410_RS33015
3007	RPHASCH2410_RS24090
3008	RPHASCH2410_RS33025
3009	RPHASCH2410_PC01090
3010	RPHASCH2410_RS33030
3011	RPHASCH2410_RS24115
3012	RPHASCH2410_PC01105
3013	RPHASCH2410_PC01115
3014	RPHASCH2410_RS24145
3015	RPHASCH2410_PC01125
3016	RPHASCH2410_PC01130
3017	RPHASCH2410_PC01135
3018	RPHASCH2410_RS33045
3019	RPHASCH2410_PC01145
3020	RPHASCH2410_PC01150
3021	RPHASCH2410_RS33055
3022	RPHASCH2410_PC01155
3023	RPHASCH2410_PC01160
3024	RPHASCH2410_PC01165
3025	RPHASCH2410_RS33065
3026	RPHASCH2410_RS33075
3027	RPHASCH2410_RS24200
3028	RPHASCH2410_RS24210
3029	RPHASCH2410_PC01190
3030	RPHASCH2410_PC01210
3031	RPHASCH2410_PC01215
3032	RPHASCH2410_RS33090
3033	RPHASCH2410_RS24235
3034	RPHASCH2410_PC01230
3035	RPHASCH2410_PC01235
3036	RPHASCH2410_PC01240
3037	RPHASCH2410_PC01250
3038	RPHASCH2410_RS24270
3039	RPHASCH2410_PC01255
3040	RPHASCH2410_PC01260
3041	RPHASCH2410_PC01265
3042	RPHASCH2410_PC01325
3043	RPHASCH2410_PC01330
3044	RPHASCH2410_PC01340
3045	RPHASCH2410_PC01345
3046	RPHASCH2410_PC01350
3047	RPHASCH2410_PC01355
3048	RPHASCH2410_PC01360
3049	RPHASCH2410_RS24390
3050	RPHASCH2410_RS24400
3051	RPHASCH2410_PC01390
3052	RPHASCH2410_PC01400
3053	RPHASCH2410_PC01405
3054	RPHASCH2410_PC01410
3055	RPHASCH2410_PC01415
3056	RPHASCH2410_RS33115
3057	RPHASCH2410_RS24435
3058	RPHASCH2410_PC01440
3059	RPHASCH2410_PC01450
3060	RPHASCH2410_RS33120
3061	RPHASCH2410_RS33125
3062	RPHASCH2410_PC01495
3063	RPHASCH2410_PC01515
3064	RPHASCH2410_PC01520
3065	RPHASCH2410_PC01525
3066	RPHASCH2410_PC01530
3067	RPHASCH2410_PC01535
3068	RPHASCH2410_PC01540
3069	RPHASCH2410_PC01550
3070	RPHASCH2410_PC01555
3071	RPHASCH2410_PC01560
3072	RPHASCH2410_PC01575
3073	RPHASCH2410_PC01580
3074	RPHASCH2410_PC01585
3075	RPHASCH2410_PC01590
3076	RPHASCH2410_PC01595
3077	RPHASCH2410_PC01610
3078	RPHASCH2410_PC01615
3079	RPHASCH2410_PC01625
3080	RPHASCH2410_RS24615
3081	RPHASCH2410_PC01640
3082	RPHASCH2410_PC01645
3083	RPHASCH2410_PC01650
3084	RPHASCH2410_PC01670
3085	RPHASCH2410_PC01680
3086	RPHASCH2410_PC01685
3087	RPHASCH2410_PC01690
3088	RPHASCH2410_RS24680
3089	RPHASCH2410_PC01705
3090	RPHASCH2410_RS24690
3091	RPHASCH2410_PC01715
3092	RPHASCH2410_PC01720
3093	RPHASCH2410_PC01790
3094	RPHASCH2410_PC01795
3095	RPHASCH2410_RS24775
3096	RPHASCH2410_PC01810
3097	RPHASCH2410_RS33155
3098	RPHASCH2410_PC01825
3099	RPHASCH2410_PC01835
3100	RPHASCH2410_PC01840
3101	RPHASCH2410_PC01845
3102	RPHASCH2410_PC01850
3103	RPHASCH2410_PC01865
3104	RPHASCH2410_PC01870
3105	RPHASCH2410_PC01875
3106	RPHASCH2410_PC01880
3107	RPHASCH2410_PC01885
3108	RPHASCH2410_PC01895
3109	RPHASCH2410_PC01905
3110	RPHASCH2410_PC01910
3111	RPHASCH2410_PC01925
3112	RPHASCH2410_PC01930
3113	RPHASCH2410_PC01935
3114	RPHASCH2410_PC01940
3115	RPHASCH2410_PC01945
3116	RPHASCH2410_RS24890
3117	RPHASCH2410_RS33185
3118	RPHASCH2410_PC01955
3119	RPHASCH2410_RS33190
3120	RPHASCH2410_PC01965
3121	RPHASCH2410_RS24910
3122	RPHASCH2410_PC01980
3123	RPHASCH2410_PC01985
3124	RPHASCH2410_PC01990
3125	RPHASCH2410_PC02025
3126	RPHASCH2410_PC02035
3127	RPHASCH2410_RS24970
3128	RPHASCH2410_PC02050
3129	RPHASCH2410_PC02055
3130	RPHASCH2410_PC02060
3131	RPHASCH2410_PC02080
3132	RPHASCH2410_PC02090
3133	RPHASCH2410_PC02095
3134	RPHASCH2410_PC02100
3135	RPHASCH2410_PC02105
3136	RPHASCH2410_PC02110
3137	RPHASCH2410_PC02115
3138	RPHASCH2410_PC02120
3139	RPHASCH2410_PC02130
3140	RPHASCH2410_PC02135
3141	RPHASCH2410_RS33250
3142	RPHASCH2410_RS25040
3143	RPHASCH2410_RS25045
3144	RPHASCH2410_RS25050
3145	RPHASCH2410_RS25055
3146	RPHASCH2410_PC04005
3147	RPHASCH2410_RS25070
3148	RPHASCH2410_PD00010
3149	RPHASCH2410_PD00015
3150	RPHASCH2410_PD00030
3151	RPHASCH2410_PD00035
3152	RPHASCH2410_PD00040
3153	RPHASCH2410_PD00045
3154	RPHASCH2410_PD00050
3155	RPHASCH2410_PD00055
3156	RPHASCH2410_PD00070
3157	RPHASCH2410_PD00075
3158	RPHASCH2410_PD00085
3159	RPHASCH2410_PD00090
3160	RPHASCH2410_PD00105
3161	RPHASCH2410_PD00110
3162	RPHASCH2410_PD00115
3163	RPHASCH2410_PD00120
3164	RPHASCH2410_PD00145
3165	RPHASCH2410_PD00150
3166	RPHASCH2410_PD00155
3167	RPHASCH2410_PD00170
3168	RPHASCH2410_PD00175
3169	RPHASCH2410_PD00180
3170	RPHASCH2410_PD00190
3171	RPHASCH2410_PD00195
3172	RPHASCH2410_PD00200
3173	RPHASCH2410_PD00215
3174	RPHASCH2410_PD00220
3175	RPHASCH2410_PD00225
3176	RPHASCH2410_PD00235
3177	RPHASCH2410_PD00240
3178	RPHASCH2410_PD00245
3179	RPHASCH2410_PD00255
3180	RPHASCH2410_PD00260
3181	RPHASCH2410_PD00285
3182	RPHASCH2410_PD00295
3183	RPHASCH2410_PD00310
3184	RPHASCH2410_PD00320
3185	RPHASCH2410_PD00325
3186	RPHASCH2410_PD00330
3187	RPHASCH2410_PD00335
3188	RPHASCH2410_PD00345
3189	RPHASCH2410_PD00350
3190	RPHASCH2410_PD00355
3191	RPHASCH2410_PD00365
3192	RPHASCH2410_PD00370
3193	RPHASCH2410_PD00375
3194	RPHASCH2410_PD00385
3195	RPHASCH2410_PD00390
3196	RPHASCH2410_PD00395
3197	RPHASCH2410_PD00400
3198	RPHASCH2410_PD00405
3199	RPHASCH2410_PD00410
3200	RPHASCH2410_PD00415
3201	RPHASCH2410_PD00460
3202	RPHASCH2410_PD00465
3203	RPHASCH2410_PD00470
3204	RPHASCH2410_PD00495
3205	RPHASCH2410_PD00500
3206	RPHASCH2410_PD00505
3207	RPHASCH2410_PD00510
3208	RPHASCH2410_PD00545
3209	RPHASCH2410_RS25590
3210	RPHASCH2410_PD00555
3211	RPHASCH2410_PD00560
3212	RPHASCH2410_PD00565
3213	RPHASCH2410_PD00570
3214	RPHASCH2410_PD00620
3215	RPHASCH2410_PD00625
3216	RPHASCH2410_PD00630
3217	RPHASCH2410_PD00660
3218	RPHASCH2410_PD00665
3219	RPHASCH2410_RS25715
3220	RPHASCH2410_PD00680
3221	RPHASCH2410_PD00685
3222	RPHASCH2410_PD00695
3223	RPHASCH2410_PD00700
3224	RPHASCH2410_PD00705
3225	RPHASCH2410_PD00720
3226	RPHASCH2410_PD00725
3227	RPHASCH2410_PD00730
3228	RPHASCH2410_PD00735
3229	RPHASCH2410_PD00740
3230	RPHASCH2410_PD00745
3231	RPHASCH2410_PD00750
3232	RPHASCH2410_PD00780
3233	RPHASCH2410_PD00785
3234	RPHASCH2410_PD00790
3235	RPHASCH2410_PD00805
3236	RPHASCH2410_PD00810
3237	RPHASCH2410_PD00815
3238	RPHASCH2410_PD00820
3239	RPHASCH2410_PD00830
3240	RPHASCH2410_PD00835
3241	RPHASCH2410_PD00840
3242	RPHASCH2410_PD00845
3243	RPHASCH2410_PD00885
3244	RPHASCH2410_PD00890
3245	RPHASCH2410_PD00900
3246	RPHASCH2410_PD00905
3247	RPHASCH2410_PD00910
3248	RPHASCH2410_PD00915
3249	RPHASCH2410_PD00950
3250	RPHASCH2410_PD00985
3251	RPHASCH2410_PD00990
3252	RPHASCH2410_PD01025
3253	RPHASCH2410_PD01030
3254	RPHASCH2410_PD01035
3255	RPHASCH2410_PD01065
3256	RPHASCH2410_PD01070
3257	RPHASCH2410_PD01095
3258	RPHASCH2410_PD01100
3259	RPHASCH2410_PD01105
3260	RPHASCH2410_PD01110
3261	RPHASCH2410_PD01135
3262	RPHASCH2410_PD01140
3263	RPHASCH2410_PD01150
3264	RPHASCH2410_PD01155
3265	RPHASCH2410_RS33280
3266	RPHASCH2410_PD01180
3267	RPHASCH2410_PD01185
3268	RPHASCH2410_PD01190
3269	RPHASCH2410_PD01220
3270	RPHASCH2410_PD01225
3271	RPHASCH2410_PD01230
3272	RPHASCH2410_PD01235
3273	RPHASCH2410_PD01240
3274	RPHASCH2410_PD01245
3275	RPHASCH2410_PD01250
3276	RPHASCH2410_RS26305
3277	RPHASCH2410_PD01270
3278	RPHASCH2410_RS26320
3279	RPHASCH2410_PD01280
3280	RPHASCH2410_RS33285
3281	RPHASCH2410_PD01295
3282	RPHASCH2410_PD01305
3283	RPHASCH2410_PD01310
3284	RPHASCH2410_RS26360
3285	RPHASCH2410_PD01330
3286	RPHASCH2410_PD01335
3287	RPHASCH2410_PD01340
3288	RPHASCH2410_RS26380
3289	RPHASCH2410_RS33295
3290	RPHASCH2410_PD01355
3291	RPHASCH2410_PD01360
3292	RPHASCH2410_PD01365
3293	RPHASCH2410_PD01370
3294	RPHASCH2410_RS26415
3295	RPHASCH2410_RS33300
3296	RPHASCH2410_PD01395
3297	RPHASCH2410_PD01400
3298	RPHASCH2410_PD01405
3299	RPHASCH2410_PD01415
3300	RPHASCH2410_PD01420
3301	RPHASCH2410_PD01425
3302	RPHASCH2410_PD01430
3303	RPHASCH2410_RS26460
3304	RPHASCH2410_RS33310
3305	RPHASCH2410_PD01450
3306	RPHASCH2410_PD01455
3307	RPHASCH2410_RS26480
3308	RPHASCH2410_RS26485
3309	RPHASCH2410_RS26495
3310	RPHASCH2410_PD01485
3311	RPHASCH2410_PD01490
3312	RPHASCH2410_PD01515
3313	RPHASCH2410_PD01520
3314	RPHASCH2410_PD01525
3315	RPHASCH2410_PD01530
3316	RPHASCH2410_PD01565
3317	RPHASCH2410_PD01570
3318	RPHASCH2410_PD01595
3319	RPHASCH2410_PD01605
3320	RPHASCH2410_RS33320
3321	RPHASCH2410_PD01635
3322	RPHASCH2410_PD01640
3323	RPHASCH2410_PD01715
3324	RPHASCH2410_PD01720
3325	RPHASCH2410_PD01730
3326	RPHASCH2410_PD01735
3327	RPHASCH2410_RS26770
3328	RPHASCH2410_PD01750
3329	RPHASCH2410_PD01765
3330	RPHASCH2410_PD01770
3331	RPHASCH2410_PD01775
3332	RPHASCH2410_PD01780
3333	RPHASCH2410_PD01785
3334	RPHASCH2410_PD01790
3335	RPHASCH2410_PD01795
3336	RPHASCH2410_PD01830
3337	RPHASCH2410_PD01835
3338	RPHASCH2410_PD01845
3339	RPHASCH2410_PD01855
3340	RPHASCH2410_PD01860
3341	RPHASCH2410_PD01900
3342	RPHASCH2410_PD01905
3343	RPHASCH2410_PD01910
3344	RPHASCH2410_RS32220
3345	RPHASCH2410_PD01915
3346	RPHASCH2410_PD01920
3347	RPHASCH2410_PD01925
3348	RPHASCH2410_PD01940
3349	RPHASCH2410_PD01945
3350	RPHASCH2410_PD01955
3351	RPHASCH2410_PD01960
3352	RPHASCH2410_PD01970
3353	RPHASCH2410_PD01980
3354	RPHASCH2410_PD02005
3355	RPHASCH2410_PD02010
3356	RPHASCH2410_PD02020
3357	RPHASCH2410_PD02045
3358	RPHASCH2410_PD02065
3359	RPHASCH2410_PD02075
3360	RPHASCH2410_RS27105
3361	RPHASCH2410_RS33340
3362	RPHASCH2410_PD02090
3363	RPHASCH2410_PD02095
3364	RPHASCH2410_PD02145
3365	RPHASCH2410_PD02150
3366	RPHASCH2410_PD02165
3367	RPHASCH2410_PD02190
3368	RPHASCH2410_PD02195
3369	RPHASCH2410_PD02200
3370	RPHASCH2410_PD02210
3371	RPHASCH2410_PD02235
3372	RPHASCH2410_RS27280
3373	RPHASCH2410_PD02260
3374	RPHASCH2410_PD02265
3375	RPHASCH2410_PD02275
3376	RPHASCH2410_PD02280
3377	RPHASCH2410_PD02285
3378	RPHASCH2410_PD02290
3379	RPHASCH2410_PD02295
3380	RPHASCH2410_PD02315
3381	RPHASCH2410_PD02355
3382	RPHASCH2410_PD02360
3383	RPHASCH2410_PD02405
3384	RPHASCH2410_PD02410
3385	RPHASCH2410_PD02415
3386	RPHASCH2410_PD02420
3387	RPHASCH2410_PD02425
3388	RPHASCH2410_PD02430
3389	RPHASCH2410_RS27460
3390	RPHASCH2410_PD02440
3391	RPHASCH2410_PD02455
3392	RPHASCH2410_PD02460
3393	RPHASCH2410_PD02465
3394	RPHASCH2410_PD02470
3395	RPHASCH2410_RS27500
3396	RPHASCH2410_PD02485
3397	RPHASCH2410_PD02505
3398	RPHASCH2410_PD02515
3399	RPHASCH2410_PD02525
3400	RPHASCH2410_PD02530
3401	RPHASCH2410_PD02545
3402	RPHASCH2410_PD02560
3403	RPHASCH2410_PD02565
3404	RPHASCH2410_PD02585
3405	RPHASCH2410_PD02590
3406	RPHASCH2410_PD02595
3407	RPHASCH2410_PD02605
3408	RPHASCH2410_PD02615
3409	RPHASCH2410_PD02620
3410	RPHASCH2410_PD02625
3411	RPHASCH2410_PD02630
3412	RPHASCH2410_PD02635
3413	RPHASCH2410_PD02650
3414	RPHASCH2410_PD02655
3415	RPHASCH2410_PD02660
3416	RPHASCH2410_PD02665
3417	RPHASCH2410_PD02670
3418	RPHASCH2410_PD02700
3419	RPHASCH2410_PD02705
3420	RPHASCH2410_PD02745
3421	RPHASCH2410_PD02750
3422	RPHASCH2410_PD02760
3423	RPHASCH2410_PD02765
3424	RPHASCH2410_PD02770
3425	RPHASCH2410_PD02790
3426	RPHASCH2410_PD02795
3427	RPHASCH2410_PD02800
3428	RPHASCH2410_PD02805
3429	RPHASCH2410_PD02835
3430	RPHASCH2410_PD02840
3431	RPHASCH2410_PD02845
3432	RPHASCH2410_PD02860
3433	RPHASCH2410_PD02865
3434	RPHASCH2410_PD02870
3435	RPHASCH2410_PD02885
3436	RPHASCH2410_PD02890
3437	RPHASCH2410_PD02895
3438	RPHASCH2410_PD02900
3439	RPHASCH2410_PD02905
3440	RPHASCH2410_PD02910
3441	RPHASCH2410_PD02915
3442	RPHASCH2410_PD02920
3443	RPHASCH2410_PD02935
3444	RPHASCH2410_PD02955
3445	RPHASCH2410_PD02965
3446	RPHASCH2410_PD02970
3447	RPHASCH2410_PD02990
3448	RPHASCH2410_PD03000
3449	RPHASCH2410_PD03025
3450	RPHASCH2410_PD03030
3451	RPHASCH2410_PD03035
3452	RPHASCH2410_PD03045
3453	RPHASCH2410_PD03050
3454	RPHASCH2410_PD03060
3455	RPHASCH2410_PD03065
3456	RPHASCH2410_PD03075
3457	RPHASCH2410_PD03095
3458	RPHASCH2410_PD03115
3459	RPHASCH2410_PD03130
3460	RPHASCH2410_PD03135
3461	RPHASCH2410_PD03140
3462	RPHASCH2410_PD03145
3463	RPHASCH2410_RS33360
3464	RPHASCH2410_PD03175
3465	RPHASCH2410_PD03180
3466	RPHASCH2410_PD03190
3467	RPHASCH2410_PD03195
3468	RPHASCH2410_PD03200
3469	RPHASCH2410_PD03205
3470	RPHASCH2410_PD03210
3471	RPHASCH2410_PD03220
3472	RPHASCH2410_PD03225
3473	RPHASCH2410_RS28250
3474	RPHASCH2410_PD03240
3475	RPHASCH2410_PD03245
3476	RPHASCH2410_PD03250
3477	RPHASCH2410_PD03255
3478	RPHASCH2410_PD03270
3479	RPHASCH2410_PD03285
3480	RPHASCH2410_PD03290
3481	RPHASCH2410_RS28310
3482	RPHASCH2410_PD03300
3483	RPHASCH2410_PD03305
3484	RPHASCH2410_RS28320
3485	RPHASCH2410_PD03325
3486	RPHASCH2410_PD03330
3487	RPHASCH2410_PD03335
3488	RPHASCH2410_PD03350
3489	RPHASCH2410_PD03355
3490	RPHASCH2410_PD03370
3491	RPHASCH2410_PD03375
3492	RPHASCH2410_PD03380
3493	RPHASCH2410_PD03410
3494	RPHASCH2410_PD03415
3495	RPHASCH2410_PD03430
3496	RPHASCH2410_PD03435
3497	RPHASCH2410_PD03450
3498	RPHASCH2410_PD03455
3499	RPHASCH2410_PD03465
3500	RPHASCH2410_RS28470
3501	RPHASCH2410_PD03480
3502	RPHASCH2410_RS28485
3503	RPHASCH2410_PD03495
3504	RPHASCH2410_PD03500
3505	RPHASCH2410_PD03515
3506	RPHASCH2410_PD03530
3507	RPHASCH2410_PD03535
3508	RPHASCH2410_PD03540
3509	RPHASCH2410_PD03545
3510	RPHASCH2410_PD03555
3511	RPHASCH2410_RS28550
3512	RPHASCH2410_RS33400
3513	RPHASCH2410_PD03570
3514	RPHASCH2410_RS28560
3515	RPHASCH2410_PD03580
3516	RPHASCH2410_PD03585
3517	RPHASCH2410_PD03590
3518	RPHASCH2410_PD03600
3519	RPHASCH2410_PD03605
3520	RPHASCH2410_PD03615
3521	RPHASCH2410_PD03620
3522	RPHASCH2410_RS28600
3523	RPHASCH2410_PD03630
3524	RPHASCH2410_RS28610
3525	RPHASCH2410_PD03640
3526	RPHASCH2410_PD03645
3527	RPHASCH2410_PD03650
3528	RPHASCH2410_PD03670
3529	RPHASCH2410_PD03675
3530	RPHASCH2410_RS33415
3531	RPHASCH2410_PD03705
3532	RPHASCH2410_PD03710
3533	RPHASCH2410_PD03720
3534	RPHASCH2410_PD03730
3535	RPHASCH2410_PD03755
3536	RPHASCH2410_RS33420
3537	RPHASCH2410_PD03780
3538	RPHASCH2410_PD03790
3539	RPHASCH2410_PD03795
3540	RPHASCH2410_PD03800
3541	RPHASCH2410_PD03805
3542	RPHASCH2410_PD03810
3543	RPHASCH2410_PD03815
3544	RPHASCH2410_PD03830
3545	RPHASCH2410_PD03835
3546	RPHASCH2410_PD03845
3547	RPHASCH2410_PD03855
3548	RPHASCH2410_PD03865
3549	RPHASCH2410_PD03870
3550	RPHASCH2410_PD03875
3551	RPHASCH2410_PD03885
3552	RPHASCH2410_PD03890
3553	RPHASCH2410_PD03895
3554	RPHASCH2410_RS28870
3555	RPHASCH2410_PD03910
3556	RPHASCH2410_RS28885
3557	RPHASCH2410_PD03920
3558	RPHASCH2410_PD03925
3559	RPHASCH2410_PD03935
3560	RPHASCH2410_PD03945
3561	RPHASCH2410_PD03955
3562	RPHASCH2410_PD03960
3563	RPHASCH2410_PD03975
3564	RPHASCH2410_PD03980
3565	RPHASCH2410_PD03995
3566	RPHASCH2410_RS33445
3567	RPHASCH2410_PD04000
3568	RPHASCH2410_PD04005
3569	RPHASCH2410_PD04010
3570	RPHASCH2410_PD04015
3571	RPHASCH2410_PD04020
3572	RPHASCH2410_PD04030
3573	RPHASCH2410_RS33465
3574	RPHASCH2410_PD04035
3575	RPHASCH2410_PD04055
3576	RPHASCH2410_PD04065
3577	RPHASCH2410_PD04075
3578	RPHASCH2410_PD04095
3579	RPHASCH2410_RS33480
3580	RPHASCH2410_PD04110
3581	RPHASCH2410_RS29045
3582	RPHASCH2410_PD04120
3583	RPHASCH2410_PD04125
3584	RPHASCH2410_RS29060
3585	RPHASCH2410_PD04140
3586	RPHASCH2410_RS33490
3587	RPHASCH2410_PD04165
3588	RPHASCH2410_PD04175
3589	RPHASCH2410_RS33495
3590	RPHASCH2410_RS33505
3591	RPHASCH2410_PD04185
3592	RPHASCH2410_PD04190
3593	RPHASCH2410_PD04195
3594	RPHASCH2410_PD04200
3595	RPHASCH2410_PD04205
3596	RPHASCH2410_PD04210
3597	RPHASCH2410_PD04215
3598	RPHASCH2410_PD04220
3599	RPHASCH2410_PD04225
3600	RPHASCH2410_PD04235
3601	RPHASCH2410_PD04245
3602	RPHASCH2410_PD04250
3603	RPHASCH2410_PD04255
3604	RPHASCH2410_RS29175
3605	RPHASCH2410_RS33525
3606	RPHASCH2410_RS29180
3607	RPHASCH2410_PD04275
3608	RPHASCH2410_PD04280
3609	RPHASCH2410_PD04285
3610	RPHASCH2410_PD04295
3611	RPHASCH2410_PD04300
3612	RPHASCH2410_PD04320
3613	RPHASCH2410_PD04325
3614	RPHASCH2410_PD04330
3615	RPHASCH2410_RS29240
3616	RPHASCH2410_PD04345
3617	RPHASCH2410_PD04350
3618	RPHASCH2410_RS29260
3619	RPHASCH2410_PD04360
3620	RPHASCH2410_RS33535
3621	RPHASCH2410_PD04370
3622	RPHASCH2410_RS33540
3623	RPHASCH2410_PD04395
3624	RPHASCH2410_RS29295
3625	RPHASCH2410_PD04405
3626	RPHASCH2410_PD04410
3627	RPHASCH2410_RS33545
3628	RPHASCH2410_PD04415
3629	RPHASCH2410_PD04420
3630	RPHASCH2410_RS33555
3631	RPHASCH2410_PD04430
3632	RPHASCH2410_PD04435
3633	RPHASCH2410_RS33560
3634	RPHASCH2410_RS33565
3635	RPHASCH2410_RS33570
3636	RPHASCH2410_PD04455
3637	RPHASCH2410_PD04465
3638	RPHASCH2410_PD04470
3639	RPHASCH2410_PD04480
3640	RPHASCH2410_PD04485
3641	RPHASCH2410_PD04505
3642	RPHASCH2410_PD04525
3643	RPHASCH2410_PD04535
3644	RPHASCH2410_PD04540
3645	RPHASCH2410_PD04545
3646	RPHASCH2410_RS33575
3647	RPHASCH2410_PD04555
3648	RPHASCH2410_PD04560
3649	RPHASCH2410_PD04565
3650	RPHASCH2410_PD04570
3651	RPHASCH2410_PD04575
3652	RPHASCH2410_PD04580
3653	RPHASCH2410_PD04590
3654	RPHASCH2410_RS33580
3655	RPHASCH2410_RS33585
3656	RPHASCH2410_PD04600
3657	RPHASCH2410_RS33600
3658	RPHASCH2410_PD04610
3659	RPHASCH2410_PD04620
3660	RPHASCH2410_PD04630
3661	RPHASCH2410_RS29530
3662	RPHASCH2410_PD04645
3663	RPHASCH2410_RS33610
3664	RPHASCH2410_PD04655
3665	RPHASCH2410_RS29550
3666	RPHASCH2410_RS29555
3667	RPHASCH2410_PD04680
3668	RPHASCH2410_PD04690
3669	RPHASCH2410_PD04735
3670	RPHASCH2410_RS33615
3671	RPHASCH2410_PD04740
3672	RPHASCH2410_RS33620
3673	RPHASCH2410_PD04750
3674	RPHASCH2410_PD04755
3675	RPHASCH2410_PD04760
3676	RPHASCH2410_PD04775
3677	RPHASCH2410_PD04780
3678	RPHASCH2410_RS33630
3679	RPHASCH2410_RS29665
3680	RPHASCH2410_PD04800
3681	RPHASCH2410_PD04805
3682	RPHASCH2410_RS29685
3683	RPHASCH2410_PD04835
3684	RPHASCH2410_PD04840
3685	RPHASCH2410_PD04855
3686	RPHASCH2410_RS29730
3687	RPHASCH2410_PD04860
3688	RPHASCH2410_RS33635
3689	RPHASCH2410_PD04875
3690	RPHASCH2410_RS33640
3691	RPHASCH2410_PD04880
3692	RPHASCH2410_PD04885
3693	RPHASCH2410_PD04890
3694	RPHASCH2410_PD04895
3695	RPHASCH2410_PD04900
3696	RPHASCH2410_PD04970
3697	RPHASCH2410_PD04975
3698	RPHASCH2410_PD04985
3699	RPHASCH2410_PD04990
3700	RPHASCH2410_PD04995
3701	RPHASCH2410_RS29865
3702	RPHASCH2410_PD05020
3703	RPHASCH2410_PD05025
3704	RPHASCH2410_PD05030
3705	RPHASCH2410_PD05035
3706	RPHASCH2410_PD05085
3707	RPHASCH2410_PD05090
3708	RPHASCH2410_PD05095
3709	RPHASCH2410_PD05100
3710	RPHASCH2410_PD05185
3711	RPHASCH2410_PD05200
3712	RPHASCH2410_PD05205
3713	RPHASCH2410_PD05210
3714	RPHASCH2410_PD05220
3715	RPHASCH2410_PD05225
3716	RPHASCH2410_PD05230
3717	RPHASCH2410_PD05250
3718	RPHASCH2410_PD05255
3719	RPHASCH2410_RS30165
3720	RPHASCH2410_PD05295
3721	RPHASCH2410_PD05305
3722	RPHASCH2410_PD05310
3723	RPHASCH2410_PD05315
3724	RPHASCH2410_PD05320
3725	RPHASCH2410_PD05350
3726	RPHASCH2410_PD05355
3727	RPHASCH2410_PD05360
3728	RPHASCH2410_PD05370
3729	RPHASCH2410_RS33660
3730	RPHASCH2410_PD05375
3731	RPHASCH2410_PD05380
3732	RPHASCH2410_PD05390
3733	RPHASCH2410_PD05395
3734	RPHASCH2410_PD05400
3735	RPHASCH2410_PD05405
3736	RPHASCH2410_PD05410
3737	RPHASCH2410_PD05420
3738	RPHASCH2410_PD05425
3739	RPHASCH2410_PD05430
3740	RPHASCH2410_RS30295
3741	RPHASCH2410_RS30300
3742	RPHASCH2410_PA00010
3743	RPHASCH2410_PA00015
3744	RPHASCH2410_PA00055
3745	RPHASCH2410_PA00060
3746	RPHASCH2410_PA00070
3747	RPHASCH2410_PA00095
3748	RPHASCH2410_PA00100
3749	RPHASCH2410_PA00105
3750	RPHASCH2410_PA00110
3751	RPHASCH2410_PA00145
3752	RPHASCH2410_PA00165
3753	RPHASCH2410_PA00215
3754	RPHASCH2410_PA00240
3755	RPHASCH2410_PA00245
3756	RPHASCH2410_PA00250
3757	RPHASCH2410_PA00255
3758	RPHASCH2410_PA00260
3759	RPHASCH2410_PA00270
3760	RPHASCH2410_PA00285
3761	RPHASCH2410_PA00290
3762	RPHASCH2410_PA00305
3763	RPHASCH2410_PA00310
3764	RPHASCH2410_PA00365
3765	RPHASCH2410_PA00370
3766	RPHASCH2410_PA00380
3767	RPHASCH2410_PA00405
3768	RPHASCH2410_PA00410
3769	RPHASCH2410_PA00415
3770	RPHASCH2410_PA00455
3771	RPHASCH2410_RS33675
3772	RPHASCH2410_PA00465
3773	RPHASCH2410_PA00515
3774	RPHASCH2410_PA00535
3775	RPHASCH2410_PA00540
3776	RPHASCH2410_PA00545
3777	RPHASCH2410_PA00550
3778	RPHASCH2410_PA00555
3779	RPHASCH2410_PA00565
3780	RPHASCH2410_PA00590
3781	RPHASCH2410_PA00595
3782	RPHASCH2410_PA00605
3783	RPHASCH2410_RS30975
3784	RPHASCH2410_RS30985
3785	RPHASCH2410_PA00690
3786	RPHASCH2410_PA00695
3787	RPHASCH2410_PA00700
3788	RPHASCH2410_PA00720
3789	RPHASCH2410_PA00725
3790	RPHASCH2410_PA00740
3791	RPHASCH2410_RS31045
3792	RPHASCH2410_PA00755
3793	RPHASCH2410_PA00760
3794	RPHASCH2410_PA00765
3795	RPHASCH2410_PA00795
3796	RPHASCH2410_PA00800
3797	RPHASCH2410_RS31120
3798	RPHASCH2410_PA00830
3799	RPHASCH2410_PA00835
3800	RPHASCH2410_PA00845
3801	RPHASCH2410_PA00850
3802	RPHASCH2410_PA00890
3803	RPHASCH2410_PA00910
3804	RPHASCH2410_PA00915
3805	RPHASCH2410_PA00925
3806	RPHASCH2410_RS31240
3807	RPHASCH2410_PA00940
3808	RPHASCH2410_PA00945
3809	RPHASCH2410_PA00950
3810	RPHASCH2410_PA00970
3811	RPHASCH2410_PA00975
3812	RPHASCH2410_PA00995
3813	RPHASCH2410_PA01000
3814	RPHASCH2410_PA01020
3815	RPHASCH2410_PA01025
3816	RPHASCH2410_PA01055
3817	RPHASCH2410_PA01060
3818	RPHASCH2410_PA01065
3819	RPHASCH2410_PA01070
3820	RPHASCH2410_PA01075
3821	RPHASCH2410_PA01085
3822	RPHASCH2410_RS31400
3823	RPHASCH2410_PA01100
3824	RPHASCH2410_PA01105
3825	RPHASCH2410_PA01110
3826	RPHASCH2410_PA01115
3827	RPHASCH2410_RS31435
3828	RPHASCH2410_PA01130
3829	RPHASCH2410_PA01135
3830	RPHASCH2410_PA01140
3831	RPHASCH2410_RS33680
3832	RPHASCH2410_RS31460
3833	RPHASCH2410_PA01150
3834	RPHASCH2410_PA01155
3835	RPHASCH2410_PA01160
3836	RPHASCH2410_PA01165
3837	RPHASCH2410_PA01190
3838	RPHASCH2410_PA01210
3839	RPHASCH2410_PA01215
3840	RPHASCH2410_PA01225
3841	RPHASCH2410_PA01230
3842	RPHASCH2410_PA01240
3843	RPHASCH2410_PA01245
3844	RPHASCH2410_PA01255
3845	RPHASCH2410_PA01260
3846	RPHASCH2410_PA01275
3847	RPHASCH2410_PA01290
3848	RPHASCH2410_PA01295
3849	RPHASCH2410_PA01305
3850	RPHASCH2410_PA01315
3851	RPHASCH2410_PA01325
3852	RPHASCH2410_PA01330
3853	RPHASCH2410_PA01335
3854	RPHASCH2410_PA01355
3855	RPHASCH2410_PA01360
3856	RPHASCH2410_PA01365
3857	RPHASCH2410_PA01385
3858	RPHASCH2410_PA01390
3859	RPHASCH2410_PA01395
3860	RPHASCH2410_PA01435
3861	RPHASCH2410_PA01475
3862	RPHASCH2410_PA01480
3863	RPHASCH2410_PA01485
3864	RPHASCH2410_PA01510
3865	RPHASCH2410_PA01515
3866	RPHASCH2410_PA01550
3867	RPHASCH2410_PA01555
3868	RPHASCH2410_PA01560
3869	RPHASCH2410_PA01565
3870	RPHASCH2410_PA01590
3871	RPHASCH2410_PA01595
3872	RPHASCH2410_PA01600
3873	RPHASCH2410_PA01605
3874	RPHASCH2410_PA01625
3875	RPHASCH2410_PA01630
3876	RPHASCH2410_PA01635
3877	RPHASCH2410_RS33685
3878	RPHASCH2410_PA01655
3879	RPHASCH2410_PA01660
3880	RPHASCH2410_RS33690
3881	RPHASCH2410_PA01715
3882	RPHASCH2410_PA01720
3883	RPHASCH2410_PA01725
3884	RPHASCH2410_PA01730
3885	RPHASCH2410_PA01740
3886	RPHASCH2410_PA01750
